patient,start,end,mode,horizon,time,event,risk,survival365,uncertainty,member_probabilities,latent_mae,latent_mse
PatientID_0014,TP1,TP2,direct,0,485.0,1,0.6381369829177856,0.11487668752670288,0.024251792579889297,"[0.0902978926897049, 0.10645046830177307, 0.14788168668746948]",0.2177988588809967,0.12937042117118835
PatientID_0014,TP1,TP3,direct,0,365.0,1,1.0936611890792847,0.05736320838332176,0.0055114878341555595,"[0.0628436952829361, 0.05942274257540703, 0.049823176115751266]",0.17441272735595703,0.08094140142202377
PatientID_0014,TP1,TP4,direct,0,295.0,1,1.3939403295516968,0.0411602146923542,0.009308282285928726,"[0.05428086966276169, 0.03552316874265671, 0.03367660194635391]",0.2074350118637085,0.09483952075242996
PatientID_0014,TP1,TP5,direct,0,260.0,1,1.4145678281784058,0.040686167776584625,0.009586124680936337,"[0.054205264896154404, 0.03480193763971329, 0.033051300793886185]",0.20729932188987732,0.09368526935577393
PatientID_0014,TP1,TP6,direct,0,169.0,1,1.4707311391830444,0.03842352330684662,0.0064423587173223495,"[0.04753177613019943, 0.03405845910310745, 0.033680327236652374]",0.21082377433776855,0.10665498673915863
PatientID_0014,TP2,TP3,direct,0,365.0,1,1.705026388168335,0.03165331855416298,0.0005742242792621255,"[0.03141571208834648, 0.03244462236762047, 0.03109961748123169]",0.16591794788837433,0.07021120935678482
PatientID_0014,TP2,TP4,direct,0,295.0,1,1.7053754329681396,0.031528618186712265,0.0001299586583627388,"[0.031370893120765686, 0.03168918564915657, 0.03152577951550484]",0.20923765003681183,0.09787733107805252
PatientID_0014,TP2,TP5,direct,0,260.0,1,1.7728627920150757,0.031569816172122955,0.00034452290856279433,"[0.03134126216173172, 0.03131144121289253, 0.03205673769116402]",0.21222558617591858,0.0990067720413208
PatientID_0014,TP2,TP6,direct,0,169.0,1,1.7565168142318726,0.03389865905046463,0.0009344095597043633,"[0.0326925553381443, 0.034034088253974915, 0.034969329833984375]",0.23278692364692688,0.13184496760368347
PatientID_0014,TP3,TP4,direct,0,295.0,1,1.3238070011138916,0.04592015966773033,0.0076984078623354435,"[0.036796461790800095, 0.045337408781051636, 0.05562660098075867]",0.20535217225551605,0.09530004858970642
PatientID_0014,TP3,TP5,direct,0,260.0,1,1.2860467433929443,0.048218369483947754,0.008274750784039497,"[0.03655514866113663, 0.05322280898690224, 0.0548771508038044]",0.20544643700122833,0.09548688679933548
PatientID_0014,TP3,TP6,direct,0,169.0,1,1.6937978267669678,0.032261401414871216,2.67283758148551e-05,"[0.03229584917426109, 0.03223070129752159, 0.032257650047540665]",0.20161695778369904,0.0995921790599823
PatientID_0014,TP4,TP5,direct,0,260.0,1,1.1420011520385742,0.05954586714506149,0.014615882188081741,"[0.045058246701955795, 0.054021839052438736, 0.07955751568078995]",0.20438739657402039,0.09414562582969666
PatientID_0014,TP4,TP6,direct,0,169.0,1,1.5611777305603027,0.03620021045207977,0.0011222067987546325,"[0.035271137952804565, 0.03777903690934181, 0.03555046021938324]",0.1987210065126419,0.09780911356210709
PatientID_0014,TP5,TP6,direct,0,169.0,1,1.628404140472412,0.0336388498544693,0.0011695119319483638,"[0.031985051929950714, 0.0344843827188015, 0.03444712236523628]",0.20745131373405457,0.10759115219116211
PatientID_0021,TP2,TP3,direct,0,281.0,0,1.4489949941635132,0.03768543899059296,0.003055661916732788,"[0.03402436524629593, 0.03752775862812996, 0.04150419309735298]",0.22041940689086914,0.11533815413713455
PatientID_0021,TP2,TP4,direct,0,189.0,0,1.5523837804794312,0.0345483273267746,0.0008401308441534638,"[0.03425277769565582, 0.03369950130581856, 0.03569270670413971]",0.21876904368400574,0.11774428933858871
PatientID_0021,TP2,TP5,direct,0,126.0,0,1.6231434345245361,0.0342363566160202,0.0004055321332998574,"[0.03434424102306366, 0.03369460627436638, 0.03467021882534027]",0.19686564803123474,0.11513832956552505
PatientID_0021,TP3,TP4,direct,0,189.0,0,1.562559962272644,0.03638709709048271,0.0021956157870590687,"[0.03350589796900749, 0.036825139075517654, 0.03883025050163269]",0.21157605946063995,0.11095539480447769
PatientID_0021,TP3,TP5,direct,0,126.0,0,1.7064740657806396,0.03345860540866852,0.00036201876355335116,"[0.03373546525835991, 0.03294721245765686, 0.03369312733411789]",0.17994971573352814,0.09250010550022125
PatientID_0021,TP4,TP5,direct,0,126.0,0,1.6558283567428589,0.033875104039907455,0.0006989833782427013,"[0.033814046531915665, 0.03305118530988693, 0.034760069102048874]",0.17882296442985535,0.09420052915811539
PatientID_0030,TP1,TP3,direct,0,44.0,1,1.6657028198242188,0.03259661793708801,0.00033682151115499437,"[0.03235038369894028, 0.03236660733819008, 0.03307286277413368]",0.21282751858234406,0.12487383931875229
PatientID_0030,TP1,TP4,direct,0,41.0,1,1.6605491638183594,0.03281160071492195,0.00037153164157643914,"[0.032566484063863754, 0.032531674951314926, 0.033336639404296875]",0.2340679168701172,0.1358182430267334
PatientID_0030,TP3,TP4,direct,0,41.0,1,1.3518908023834229,0.05005898326635361,0.015877515077590942,"[0.03529420122504234, 0.042790621519088745, 0.07209210842847824]",0.212487131357193,0.11108499020338058
PatientID_0035,TP1,TP2,direct,0,267.0,1,0.0664515346288681,0.26863163709640503,0.0950763002038002,"[0.1352551132440567, 0.3500605523586273, 0.3205791711807251]",0.1794491410255432,0.08685663342475891
PatientID_0035,TP1,TP3,direct,0,162.0,1,0.9639236927032471,0.07116663455963135,0.005976705811917782,"[0.0649966150522232, 0.07925460487604141, 0.06924866139888763]",0.16446812450885773,0.07183420658111572
PatientID_0035,TP2,TP3,direct,0,162.0,1,-0.1414174884557724,0.3498854637145996,0.1115201786160469,"[0.19572825729846954, 0.398123174905777, 0.4558049142360687]",0.17318370938301086,0.08213218301534653
PatientID_0051,TP1,TP3,direct,0,111.0,1,1.5372755527496338,0.034190379083156586,0.0009607219253666699,"[0.03292185068130493, 0.034403204917907715, 0.03524607792496681]",0.20616759359836578,0.09960076212882996
PatientID_0051,TP1,TP4,direct,0,24.0,1,1.6130117177963257,0.03300745412707329,0.0002743548830039799,"[0.033297356218099594, 0.03263917937874794, 0.03308582678437233]",0.19599586725234985,0.09395395219326019
PatientID_0051,TP3,TP4,direct,0,24.0,1,1.5450657606124878,0.03595659136772156,0.003408887656405568,"[0.03150052949786186, 0.036591388285160065, 0.039777860045433044]",0.19260430335998535,0.09161930531263351
PatientID_0053,TP1,TP3,direct,0,321.0,0,-2.4309167861938477,0.8489670753479004,0.0006467715138569474,"[0.8497761487960815, 0.8489320874214172, 0.8481930494308472]",0.2884159982204437,0.30765339732170105
PatientID_0053,TP1,TP4,direct,0,160.0,0,-2.4247615337371826,0.846549928188324,0.002630836796015501,"[0.849705696105957, 0.8466787934303284, 0.8432653546333313]",0.30126693844795227,0.29518923163414
PatientID_0053,TP1,TP5,direct,0,91.0,0,-2.4221580028533936,0.8470931053161621,0.0027773126494139433,"[0.8502415418624878, 0.847552478313446, 0.8434852361679077]",0.27064016461372375,0.2794231176376343
PatientID_0053,TP3,TP4,direct,0,160.0,0,-1.1628589630126953,0.5686419010162354,0.0290400180965662,"[0.5353163480758667, 0.5645191669464111, 0.606090247631073]",0.2097737044095993,0.09889987111091614
PatientID_0053,TP3,TP5,direct,0,91.0,0,-0.5168477296829224,0.37890052795410156,0.13495531678199768,"[0.5677862167358398, 0.30814415216445923, 0.26077115535736084]",0.18924041092395782,0.09798236936330795
PatientID_0053,TP4,TP5,direct,0,91.0,0,-1.8933641910552979,0.7446710467338562,0.0285862535238266,"[0.7160808444023132, 0.7342132329940796, 0.7837191820144653]",0.1747630387544632,0.08208661526441574
PatientID_0062,TP1,TP2,direct,0,65.0,1,1.521161437034607,0.03501703962683678,0.002593796933069825,"[0.03274136781692505, 0.03366335481405258, 0.0386463925242424]",0.17215783894062042,0.08335957676172256
PatientID_0065,TP1,TP2,direct,0,271.0,1,1.3709697723388672,0.0404214933514595,0.006648705806583166,"[0.03421611711382866, 0.03740634024143219, 0.049642015248537064]",0.1746269315481186,0.07695171982049942
PatientID_0065,TP1,TP3,direct,0,208.0,1,1.3818485736846924,0.03926007077097893,0.0034689854364842176,"[0.035743597894907, 0.038055773824453354, 0.04398084059357643]",0.18021681904792786,0.08037040382623672
PatientID_0065,TP1,TP4,direct,0,128.0,1,1.5579745769500732,0.03343351185321808,0.0002792783488985151,"[0.03373364359140396, 0.03350578993558884, 0.033061105757951736]",0.16899821162223816,0.07008514553308487
PatientID_0065,TP1,TP5,direct,0,1.0,1,1.6306705474853516,0.03306259214878082,0.0003507413493935019,"[0.03320614993572235, 0.03257962688803673, 0.03340199217200279]",0.1873392015695572,0.08908639848232269
PatientID_0065,TP2,TP3,direct,0,208.0,1,1.137454628944397,0.06343892961740494,0.016750695183873177,"[0.04367213696241379, 0.062015943229198456, 0.08462870121002197]",0.1845003217458725,0.08564683049917221
PatientID_0065,TP2,TP4,direct,0,128.0,1,1.5007237195968628,0.038410648703575134,0.001831498579122126,"[0.03780275955796242, 0.04089505970478058, 0.03653412684798241]",0.1639346480369568,0.06721716374158859
PatientID_0065,TP2,TP5,direct,0,1.0,1,1.7269357442855835,0.03199698030948639,0.0014735851436853409,"[0.03407550975680351, 0.030827464535832405, 0.03108796663582325]",0.18131428956985474,0.08402775973081589
PatientID_0065,TP3,TP4,direct,0,128.0,1,1.5566704273223877,0.03596055135130882,0.002613212214782834,"[0.032498203217983246, 0.03657259792089462, 0.038810845464468]",0.17062190175056458,0.07338616997003555
PatientID_0065,TP3,TP5,direct,0,1.0,1,1.7235846519470215,0.03146139532327652,0.00011980521958321333,"[0.03162970393896103, 0.03136038780212402, 0.03139409050345421]",0.17140348255634308,0.07463358342647552
PatientID_0065,TP4,TP5,direct,0,1.0,1,1.286435604095459,0.050955548882484436,0.004165498539805412,"[0.0452718660235405, 0.05245616286993027, 0.055138614028692245]",0.17811645567417145,0.08241429924964905
PatientID_0074,TP1,TP2,direct,0,573.0,1,1.4968559741973877,0.03503456711769104,0.002106178319081664,"[0.032727666199207306, 0.03455626219511032, 0.03781977668404579]",0.18823552131652832,0.10788753628730774
PatientID_0074,TP1,TP3,direct,0,490.0,1,1.602180004119873,0.032561205327510834,0.0001442055799998343,"[0.03275948762893677, 0.03242075815796852, 0.03250337392091751]",0.23524639010429382,0.13348041474819183
PatientID_0074,TP1,TP4,direct,0,344.0,1,1.6506907939910889,0.03346561640501022,0.0005503225256688893,"[0.032860301434993744, 0.03334462270140648, 0.03419192135334015]",0.24760623276233673,0.1527092456817627
PatientID_0074,TP1,TP5,direct,0,104.0,1,1.6496326923370361,0.03331852704286575,0.0004305320617277175,"[0.03284243866801262, 0.033227864652872086, 0.03388526663184166]",0.20598870515823364,0.12376669049263
PatientID_0074,TP1,TP6,direct,0,1.0,1,1.648332118988037,0.03335538133978844,0.000402833305997774,"[0.032909441739320755, 0.03327132761478424, 0.03388537839055061]",0.19553405046463013,0.11651322990655899
PatientID_0074,TP2,TP3,direct,0,490.0,1,1.534096121788025,0.034009821712970734,0.0006554094143211842,"[0.033089540898799896, 0.03437429293990135, 0.03456563502550125]",0.23955276608467102,0.14198298752307892
PatientID_0074,TP2,TP4,direct,0,344.0,1,1.635317325592041,0.033430151641368866,0.0003122023481409997,"[0.03326793015003204, 0.03315563127398491, 0.03386688232421875]",0.24901559948921204,0.15950046479701996
PatientID_0074,TP2,TP5,direct,0,104.0,1,1.6368097066879272,0.033689431846141815,0.00043767516035586596,"[0.03333574905991554, 0.03342635557055473, 0.034306179732084274]",0.2152039259672165,0.14122004806995392
PatientID_0074,TP2,TP6,direct,0,1.0,1,1.6353286504745483,0.033660128712654114,0.0003691545862238854,"[0.03338601812720299, 0.033412400633096695, 0.03418197110295296]",0.20441171526908875,0.1334696114063263
PatientID_0074,TP3,TP4,direct,0,344.0,1,1.279505729675293,0.04408282786607742,0.0021477576810866594,"[0.04195557162165642, 0.04702405259013176, 0.043268851935863495]",0.22441455721855164,0.12223155051469803
PatientID_0074,TP3,TP5,direct,0,104.0,1,1.4898080825805664,0.03694988042116165,0.0044726477935910225,"[0.04327511042356491, 0.033808644860982895, 0.03376588225364685]",0.20542661845684052,0.12308871746063232
PatientID_0074,TP3,TP6,direct,0,1.0,1,1.490544080734253,0.03701987490057945,0.00450505455955863,"[0.043390970677137375, 0.033845461905002594, 0.03382319211959839]",0.1964091956615448,0.11791050434112549
PatientID_0074,TP4,TP5,direct,0,104.0,1,1.452802062034607,0.037718016654253006,0.004185070283710957,"[0.043574459850788116, 0.03553057089447975, 0.03404901176691055]",0.19815756380558014,0.11155667901039124
PatientID_0074,TP4,TP6,direct,0,1.0,1,1.4788583517074585,0.03722219169139862,0.004430739209055901,"[0.04348742216825485, 0.034175027161836624, 0.03400411456823349]",0.191416397690773,0.1092672124505043
PatientID_0074,TP5,TP6,direct,0,1.0,1,1.437152624130249,0.037172749638557434,0.003016042523086071,"[0.0334894098341465, 0.037151750177145004, 0.0408770851790905]",0.17835110425949097,0.09550683945417404
PatientID_0083,TP1,TP2,direct,0,516.0,1,1.623387098312378,0.033379197120666504,0.00010380610183347017,"[0.03351045399904251, 0.03337050974369049, 0.03325662761926651]",0.36823901534080505,0.415088027715683
PatientID_0083,TP1,TP3,direct,0,478.0,1,1.6249299049377441,0.03334539756178856,9.875892283162102e-05,"[0.03348397836089134, 0.033261075615882874, 0.033291131258010864]",0.36534854769706726,0.41708970069885254
PatientID_0083,TP1,TP4,direct,0,398.0,1,1.6428470611572266,0.03408592939376831,0.0006272097234614193,"[0.03357497602701187, 0.03371347859501839, 0.03496932238340378]",0.28919267654418945,0.19158968329429626
PatientID_0083,TP1,TP5,direct,0,384.0,1,1.6425007581710815,0.03336585685610771,0.00027543972828425467,"[0.03318293020129204, 0.03315948322415352, 0.03375514969229698]",0.34779658913612366,0.3636986017227173
PatientID_0083,TP1,TP6,direct,0,366.0,1,1.6365976333618164,0.03384607285261154,0.0003789180191233754,"[0.03362878039479256, 0.03353050351142883, 0.03437893092632294]",0.29446569085121155,0.2551857531070709
PatientID_0083,TP2,TP3,direct,0,478.0,1,-0.7944773435592651,0.6263144016265869,0.07854954153299332,"[0.524159848690033, 0.6395978331565857, 0.7151855826377869]",0.300824373960495,0.2631814479827881
PatientID_0083,TP2,TP4,direct,0,398.0,1,-0.5245617032051086,0.5436439514160156,0.04462980851531029,"[0.495827853679657, 0.603230357170105, 0.5318736433982849]",0.2780108153820038,0.18461929261684418
PatientID_0083,TP2,TP5,direct,0,384.0,1,-0.970361590385437,0.6697053909301758,0.0664864256978035,"[0.5796152353286743, 0.6914374828338623, 0.738063395023346]",0.2750460207462311,0.19591887295246124
PatientID_0083,TP2,TP6,direct,0,366.0,1,-0.5571746826171875,0.5526226758956909,0.040560100227594376,"[0.4985722601413727, 0.5962791442871094, 0.5630164742469788]",0.24041254818439484,0.1443779170513153
PatientID_0083,TP3,TP4,direct,0,398.0,1,-1.6901443004608154,0.8440527319908142,0.007114817388355732,"[0.8528950214385986, 0.8354732990264893, 0.84378981590271]",0.3508431017398834,0.37148380279541016
PatientID_0083,TP3,TP5,direct,0,384.0,1,-1.8838390111923218,0.8606476783752441,0.004783419892191887,"[0.866100013256073, 0.8544537425041199, 0.8613893985748291]",0.26599550247192383,0.19206182658672333
PatientID_0083,TP3,TP6,direct,0,366.0,1,-1.6924903392791748,0.8427790403366089,0.009410511702299118,"[0.8554908633232117, 0.839835524559021, 0.8330107927322388]",0.2775134742259979,0.2281072437763214
PatientID_0083,TP4,TP5,direct,0,384.0,1,1.7204145193099976,0.03245803713798523,0.00018243168597109616,"[0.032696954905986786, 0.03225425258278847, 0.03242289647459984]",0.3160492181777954,0.2842479944229126
PatientID_0083,TP4,TP6,direct,0,366.0,1,1.7121789455413818,0.0328807458281517,0.0001763994077919051,"[0.03312567621469498, 0.032799284905195236, 0.0327172726392746]",0.249589741230011,0.16197359561920166
PatientID_0083,TP5,TP6,direct,0,366.0,1,-0.8041917085647583,0.5620852708816528,0.0689142644405365,"[0.5099660158157349, 0.5168254971504211, 0.6594642400741577]",0.2476264089345932,0.1633508950471878
PatientID_0093,TP1,TP2,direct,0,93.0,0,1.3870878219604492,0.039518438279628754,0.006189655978232622,"[0.032822687178850174, 0.037983380258083344, 0.04774923622608185]",0.16911856830120087,0.08331602066755295
PatientID_0093,TP1,TP3,direct,0,36.0,0,1.5842390060424805,0.033298712223768234,0.0005130773643031716,"[0.03320247679948807, 0.033969663083553314, 0.032723989337682724]",0.20193202793598175,0.09676327556371689
PatientID_0093,TP2,TP3,direct,0,36.0,0,1.6789865493774414,0.03285127505660057,0.00055225461255759,"[0.032726991921663284, 0.032245658338069916, 0.03358116373419762]",0.20552386343479156,0.10143865644931793
PatientID_0095,TP1,TP2,direct,0,401.0,1,0.8068428039550781,0.0905727967619896,0.02652430720627308,"[0.05361829325556755, 0.1034749448299408, 0.11462515592575073]",0.19897110760211945,0.1067916750907898
PatientID_0095,TP1,TP3,direct,0,394.0,1,0.6970052719116211,0.10943862050771713,0.03750581666827202,"[0.05643942579627037, 0.13776682317256927, 0.13410961627960205]",0.16288377344608307,0.08375287055969238
PatientID_0095,TP1,TP4,direct,0,284.0,1,1.3355731964111328,0.04176414757966995,0.001096678664907813,"[0.04021964222192764, 0.042414188385009766, 0.04265860840678215]",0.20038019120693207,0.09011415392160416
PatientID_0095,TP1,TP6,direct,0,163.0,1,1.5619933605194092,0.034585367888212204,0.001805111300200224,"[0.037130407989025116, 0.03314045071601868, 0.03348524495959282]",0.2087634652853012,0.10169070214033127
PatientID_0095,TP2,TP3,direct,0,394.0,1,1.7397407293319702,0.03205513581633568,0.0002739738265518099,"[0.03241413086652756, 0.032001856714487076, 0.031749408692121506]",0.16369302570819855,0.08248737454414368
PatientID_0095,TP2,TP4,direct,0,284.0,1,1.7372138500213623,0.0327988900244236,0.00035049993311986327,"[0.03315122053027153, 0.0323207750916481, 0.032924674451351166]",0.21924538910388947,0.11157548427581787
PatientID_0095,TP2,TP6,direct,0,163.0,1,1.7387775182724,0.034445833414793015,0.0007025163504295051,"[0.03362532705068588, 0.03437093645334244, 0.03534123674035072]",0.22793538868427277,0.13157831132411957
PatientID_0095,TP3,TP4,direct,0,284.0,1,1.720420241355896,0.032032422721385956,0.00012350706674624234,"[0.03220653906464577, 0.03195735812187195, 0.03193337470293045]",0.20695410668849945,0.09678999334573746
PatientID_0095,TP3,TP6,direct,0,163.0,1,1.7441343069076538,0.03373878821730614,0.0006810082704760134,"[0.032838910818099976, 0.033891528844833374, 0.03448592126369476]",0.21522323787212372,0.11138372868299484
PatientID_0095,TP4,TP6,direct,0,163.0,1,1.5784807205200195,0.03491780906915665,0.00131457659881562,"[0.033688150346279144, 0.03674016147851944, 0.03432510420680046]",0.18687574565410614,0.08266104012727737
PatientID_0099,TP1,TP2,direct,0,1.0,1,-0.25305983424186707,0.3506757616996765,0.1390417516231537,"[0.1810791939496994, 0.34929579496383667, 0.5216521620750427]",0.19501233100891113,0.09655258804559708
PatientID_0145,TP1,TP2,direct,0,1.0,1,0.9545302391052246,0.07616115361452103,0.009155294857919216,"[0.06339320540428162, 0.08068399131298065, 0.08440625667572021]",0.2085077464580536,0.10112898796796799
PatientID_0156,TP1,TP2,direct,0,84.0,0,0.4698854684829712,0.1269361674785614,0.0491996668279171,"[0.06733544170856476, 0.12564431130886078, 0.18782874941825867]",0.3278544247150421,0.296999454498291
PatientID_0159,TP1,TP2,direct,0,189.0,0,1.4220021963119507,0.03634100407361984,0.002186327241361141,"[0.03336029499769211, 0.03711961582303047, 0.03854309767484665]",0.19848154485225677,0.08941422402858734
PatientID_0159,TP1,TP3,direct,0,91.0,0,1.5738223791122437,0.032386526465415955,0.0004145665152464062,"[0.03212950378656387, 0.03205868601799011, 0.03297138214111328]",0.17370069026947021,0.07386856526136398
PatientID_0159,TP2,TP3,direct,0,91.0,0,1.4013004302978516,0.0428946428000927,0.005837686359882355,"[0.03556758537888527, 0.04326369985938072, 0.0498526431620121]",0.18140479922294617,0.08204101026058197
PatientID_0197,TP1,TP2,direct,0,85.0,0,-2.2150087356567383,0.7774726748466492,0.020178383216261864,"[0.7516369223594666, 0.7798958420753479, 0.8008851408958435]",0.159052774310112,0.0681663379073143
PatientID_0252,TP1,TP2,direct,0,328.0,1,0.8389355540275574,0.09099986404180527,0.033392492681741714,"[0.04891112074255943, 0.09349721670150757, 0.1305912435054779]",0.19301053881645203,0.09906844049692154
PatientID_0252,TP1,TP3,direct,0,273.0,1,0.7858659029006958,0.09791164100170135,0.033736687153577805,"[0.050486985594034195, 0.11710487306118011, 0.12614306807518005]",0.20223678648471832,0.1029588133096695
PatientID_0252,TP2,TP3,direct,0,273.0,1,0.7785916328430176,0.11380767822265625,0.02185584232211113,"[0.12390666455030441, 0.08345948159694672, 0.13405689597129822]",0.21647830307483673,0.12982890009880066
PatientID_0254,TP1,TP2,direct,0,416.0,1,0.9037958979606628,0.07505720108747482,0.024338413029909134,"[0.051227301359176636, 0.0654630959033966, 0.10848120599985123]",0.19347479939460754,0.08673090487718582
PatientID_0254,TP1,TP3,direct,0,372.0,1,1.2975859642028809,0.04306304454803467,0.006329412572085857,"[0.045218806713819504, 0.04950890690088272, 0.03446142002940178]",0.1965130865573883,0.09347038716077805
PatientID_0254,TP1,TP4,direct,0,364.0,1,1.3200209140777588,0.04239553213119507,0.004519262351095676,"[0.04146412014961243, 0.04833709076046944, 0.03738538548350334]",0.17777185142040253,0.07796870172023773
PatientID_0254,TP2,TP3,direct,0,372.0,1,1.127081274986267,0.06291939318180084,0.016608912497758865,"[0.045227039605379105, 0.05838574096560478, 0.08514538407325745]",0.18872492015361786,0.08695189654827118
PatientID_0254,TP2,TP4,direct,0,364.0,1,1.235316276550293,0.05339164659380913,0.009556631557643414,"[0.04293328896164894, 0.05120725557208061, 0.06603438407182693]",0.1858723759651184,0.08827177435159683
PatientID_0254,TP3,TP4,direct,0,364.0,1,1.052933931350708,0.07281316071748734,0.02424469403922558,"[0.05358430743217468, 0.05784311145544052, 0.1070120558142662]",0.1855100691318512,0.08812602609395981
PatientID_0259,TP1,TP2,direct,0,199.0,1,-0.701196551322937,0.425994336605072,0.11091479659080505,"[0.28884685039520264, 0.4286434054374695, 0.560492753982544]",0.20423398911952972,0.10578043013811111
PatientID_0014,TP1,TP2,recursive,1,485.0,1,0.6403377056121826,0.11454051733016968,0.024139082059264183,"[0.09007559716701508, 0.10615397244691849, 0.14739198982715607]",0.21779955923557281,0.12937037646770477
PatientID_0021,TP2,TP3,recursive,1,281.0,0,1.4491442441940308,0.03768463060259819,0.003049250924959779,"[0.03403162583708763, 0.03752654418349266, 0.04149571433663368]",0.22042013704776764,0.11533787846565247
PatientID_0030,TP1,TP3,recursive,1,44.0,1,1.6656804084777832,0.032594721764326096,0.00033643844653852284,"[0.0323491096496582, 0.032364621758461, 0.033070433884859085]",0.21282702684402466,0.12487297505140305
PatientID_0035,TP1,TP2,recursive,1,267.0,1,0.06719382852315903,0.2684253454208374,0.09500209987163544,"[0.13515399396419525, 0.3497973680496216, 0.3203246593475342]",0.17944879829883575,0.08685651421546936
PatientID_0051,TP1,TP3,recursive,1,111.0,1,1.5373018980026245,0.03419039398431778,0.0009602635982446373,"[0.032922521233558655, 0.03440297394990921, 0.03524567931890488]",0.20616739988327026,0.09960070997476578
PatientID_0053,TP1,TP3,recursive,1,321.0,0,-2.430846691131592,0.848942756652832,0.0006464796024374664,"[0.8497510552406311, 0.8489086627960205, 0.8481686115264893]",0.2884279191493988,0.307657390832901
PatientID_0062,TP1,TP2,recursive,1,65.0,1,1.5214476585388184,0.03501828759908676,0.0025798119604587555,"[0.03275681287050247, 0.0336696095764637, 0.03862842544913292]",0.17216230928897858,0.08336085081100464
PatientID_0065,TP1,TP2,recursive,1,271.0,1,1.371261477470398,0.04040849208831787,0.006630351301282644,"[0.03422001376748085, 0.0374019593000412, 0.049603499472141266]",0.17463113367557526,0.07695227116346359
PatientID_0074,TP1,TP2,recursive,1,573.0,1,1.4968026876449585,0.03503832221031189,0.002101399004459381,"[0.03273705765604973, 0.03456047922372818, 0.03781743720173836]",0.18824158608913422,0.10788802802562714
PatientID_0083,TP1,TP2,recursive,1,516.0,1,1.6233056783676147,0.03339003771543503,0.0001045482640620321,"[0.03352243825793266, 0.03338082134723663, 0.03326684609055519]",0.3682432174682617,0.41508856415748596
PatientID_0093,TP1,TP2,recursive,1,93.0,0,1.3878257274627686,0.039490923285484314,0.006164942868053913,"[0.03282184526324272, 0.037962090224027634, 0.04768882691860199]",0.16912172734737396,0.08331794291734695
PatientID_0095,TP1,TP2,recursive,1,401.0,1,0.8085708618164062,0.09034575521945953,0.02640427276492119,"[0.05355710908770561, 0.10319702327251434, 0.11428311467170715]",0.1989767849445343,0.10679344087839127
PatientID_0099,TP1,TP2,recursive,1,1.0,1,-0.25328028202056885,0.3507332503795624,0.13904999196529388,"[0.18112288415431976, 0.34936070442199707, 0.5217161178588867]",0.19501294195652008,0.0965530127286911
PatientID_0145,TP1,TP2,recursive,1,1.0,1,0.9550825357437134,0.07610827684402466,0.009139880537986755,"[0.06336182355880737, 0.08062352985143661, 0.08433947712182999]",0.20851020514965057,0.10112985223531723
PatientID_0156,TP1,TP2,recursive,1,84.0,0,0.4706718623638153,0.1268063485622406,0.04913298413157463,"[0.06728777289390564, 0.12551358342170715, 0.187617689371109]",0.3278551697731018,0.29699966311454773
PatientID_0159,TP1,TP2,recursive,1,189.0,0,1.422029972076416,0.036340124905109406,0.002185802673920989,"[0.03336014226078987, 0.03711850941181183, 0.03854171931743622]",0.19848139584064484,0.08941401541233063
PatientID_0197,TP1,TP2,recursive,1,85.0,0,-2.2147202491760254,0.7774319052696228,0.0201993677765131,"[0.7515692710876465, 0.7798577547073364, 0.8008686900138855]",0.1590455323457718,0.06816234439611435
PatientID_0252,TP1,TP2,recursive,1,328.0,1,0.8382450342178345,0.09108548611402512,0.033445555716753006,"[0.048930536955595016, 0.09358533471822739, 0.13074058294296265]",0.19301141798496246,0.09906794130802155
PatientID_0254,TP1,TP2,recursive,1,416.0,1,0.9054237604141235,0.0749116986989975,0.02425936609506607,"[0.05115918442606926, 0.06534874439239502, 0.10822714120149612]",0.19346852600574493,0.08672930300235748
PatientID_0259,TP1,TP2,recursive,1,199.0,1,-0.6780550479888916,0.419412225484848,0.11117178201675415,"[0.28219208121299744, 0.42156392335891724, 0.5544807314872742]",0.20421400666236877,0.10576602071523666
PatientID_0014,TP1,TP3,recursive,2,365.0,1,0.685114860534668,0.10735434293746948,0.022434184327721596,"[0.07643555104732513, 0.11665257811546326, 0.12897491455078125]",0.21697981655597687,0.16113464534282684
PatientID_0021,TP2,TP4,recursive,2,189.0,0,1.2493493556976318,0.04970623180270195,0.012793878093361855,"[0.034682437777519226, 0.048486627638339996, 0.06594963371753693]",0.24458667635917664,0.15772373974323273
PatientID_0030,TP1,TP4,recursive,2,41.0,1,1.576690435409546,0.03454315662384033,0.0030145535711199045,"[0.0387929305434227, 0.032125264406204224, 0.03271126747131348]",0.2556346356868744,0.17458394169807434
PatientID_0035,TP1,TP3,recursive,2,162.0,1,-0.08776754140853882,0.335982084274292,0.14872360229492188,"[0.12868939340114594, 0.4088003635406494, 0.47045648097991943]",0.19273383915424347,0.10814806073904037
PatientID_0051,TP1,TP4,recursive,2,24.0,1,1.4075684547424316,0.03929447755217552,0.0047999219968914986,"[0.033019211143255234, 0.04019053280353546, 0.04467368498444557]",0.2179557830095291,0.12670084834098816
PatientID_0053,TP1,TP4,recursive,2,160.0,0,-2.433104991912842,0.8483235836029053,0.0007616105140186846,"[0.8492504358291626, 0.848335325717926, 0.8473849892616272]",0.3013141453266144,0.2977725565433502
PatientID_0065,TP1,TP3,recursive,2,208.0,1,1.1237545013427734,0.06286103278398514,0.03068155236542225,"[0.034460559487342834, 0.04865182191133499, 0.10547070950269699]",0.19659696519374847,0.10140353441238403
PatientID_0074,TP1,TP3,recursive,2,490.0,1,1.302053689956665,0.04346264526247978,0.00839244108647108,"[0.03484128415584564, 0.04070906713604927, 0.054837580770254135]",0.2611463665962219,0.1762809008359909
PatientID_0083,TP1,TP3,recursive,2,478.0,1,1.5103046894073486,0.035941869020462036,0.002891404554247856,"[0.03998081386089325, 0.034475136548280716, 0.03336965665221214]",0.3631720542907715,0.4035544693470001
PatientID_0093,TP1,TP3,recursive,2,36.0,0,1.3105285167694092,0.04624363034963608,0.013510934077203274,"[0.03343188762664795, 0.04037299379706383, 0.06492599844932556]",0.22187145054340363,0.12669140100479126
PatientID_0095,TP1,TP3,recursive,2,394.0,1,0.6934484243392944,0.13136598467826843,0.09516698867082596,"[0.04716791957616806, 0.08253563940525055, 0.2643943727016449]",0.1696191430091858,0.09386979788541794
PatientID_0159,TP1,TP3,recursive,2,91.0,0,1.224186658859253,0.046588800847530365,0.00965619646012783,"[0.034618835896253586, 0.04688140004873276, 0.058266159147024155]",0.19254060089588165,0.0962447077035904
PatientID_0252,TP1,TP3,recursive,2,273.0,1,0.5657579898834229,0.1308579295873642,0.039136167615652084,"[0.0965389534831047, 0.11041267961263657, 0.18562214076519012]",0.2122041881084442,0.1199941411614418
PatientID_0254,TP1,TP3,recursive,2,372.0,1,0.4360336661338806,0.1867605298757553,0.1464616060256958,"[0.05121814087033272, 0.1188935711979866, 0.3901698589324951]",0.19740714132785797,0.09579639881849289
PatientID_0014,TP1,TP4,recursive,3,295.0,1,0.4803735911846161,0.15541218221187592,0.06328393518924713,"[0.07954545319080353, 0.15223026275634766, 0.23446080088615417]",0.27715691924095154,0.23639865219593048
PatientID_0021,TP2,TP5,recursive,3,126.0,0,0.856941819190979,0.08676999807357788,0.02985045127570629,"[0.07127620279788971, 0.060509100556373596, 0.12852470576763153]",0.23678360879421234,0.1963537484407425
PatientID_0053,TP1,TP5,recursive,3,91.0,0,-2.4322457313537598,0.8492714762687683,0.00034521898487582803,"[0.849523663520813, 0.8487833142280579, 0.8495073318481445]",0.2679750323295593,0.2810005247592926
PatientID_0065,TP1,TP4,recursive,3,128.0,1,0.7560814619064331,0.14381143450737,0.12158426642417908,"[0.03453155606985092, 0.08348381519317627, 0.3134188950061798]",0.20980119705200195,0.13488435745239258
PatientID_0074,TP1,TP4,recursive,3,344.0,1,1.0408939123153687,0.06378594785928726,0.020134471356868744,"[0.08913341164588928, 0.03987722471356392, 0.062347207218408585]",0.27068254351615906,0.2042883187532425
PatientID_0083,TP1,TP4,recursive,3,398.0,1,1.4225133657455444,0.03934946283698082,0.004676005337387323,"[0.04554985836148262, 0.038240209221839905, 0.034258320927619934]",0.31844717264175415,0.25124338269233704
PatientID_0095,TP1,TP4,recursive,3,284.0,1,0.6454982757568359,0.1594543159008026,0.13540183007717133,"[0.04595585912466049, 0.08264057338237762, 0.34976649284362793]",0.23384645581245422,0.14784009754657745
PatientID_0254,TP1,TP4,recursive,3,364.0,1,0.5226637125015259,0.21491603553295135,0.2219749093055725,"[0.044315021485090256, 0.07200443744659424, 0.5284286141395569]",0.20809075236320496,0.12774567306041718
