seed,patient,start,end,window_end,survival_time,event,known365,label365,A_H1_latent_mse,C_H1_latent_mse,C_minus_A_H1_latent_mse,A_H2_latent_mse,C_H2_latent_mse,C_minus_A_H2_latent_mse,A_H3_latent_mse,C_H3_latent_mse,C_minus_A_H3_latent_mse,A_predicted_survival365,C_predicted_survival365,C_minus_A_predicted_survival365,A_true_survival365,C_true_survival365,C_minus_A_true_survival365,A_predicted_latent_squared_error365,C_predicted_latent_squared_error365,C_minus_A_predicted_latent_squared_error365,A_predicted_latent_brier_contribution,C_predicted_latent_brier_contribution,C_minus_A_predicted_latent_brier_contribution,A_true_latent_brier_contribution,C_true_latent_brier_contribution,C_minus_A_true_latent_brier_contribution,A_transfer_abs_probability_error,C_transfer_abs_probability_error,C_minus_A_transfer_abs_probability_error,C_latent_disagreement,C_survival_disagreement
42,PatientID_0014,TP1,TP4,TP4,295.0,1,True,0.0,0.10698367655277252,0.09390371789534886,-0.01307995865742366,0.11907938867807388,0.09273334840933482,-0.02634604026873906,0.18147810300191244,0.111301784714063,-0.07017631828784944,0.7555330395698547,0.14793559908866882,-0.6075974404811859,0.130325585603714,0.04674622416496277,-0.08357936143875122,0.5708301738816637,0.021884941477723352,-0.5489452324039403,1.2269497629801365,0.04703977643006191,-1.1799099865500746,0.036507259213880934,0.0046969175220064755,-0.03181034169187446,0.6252074539661407,0.10118937492370605,-0.5240180790424347,314.7800598144531,0.0006820490234531462
42,PatientID_0021,TP2,TP5,TP5,126.0,0,False,,0.11620643734931946,0.10790577530860901,-0.00830066204071045,0.1495000422000885,0.12268217653036118,-0.026817865669727325,0.1802440881729126,0.12531521916389465,-0.054928869009017944,0.4975564777851105,0.012659881263971329,-0.48489659652113914,0.07357195019721985,0.009019047021865845,-0.064552903175354,,,,0.0,0.0,0.0,0.0,0.0,0.0,0.4239845275878906,0.003640834242105484,-0.42034369334578514,196.93447875976562,1.5343415782353986e-07
42,PatientID_0053,TP1,TP5,TP5,91.0,0,False,,0.2928168773651123,0.2928740382194519,5.716085433959961e-05,0.27819162607192993,0.27815181016921997,-3.981590270996094e-05,0.2839992642402649,0.2862381339073181,0.0022388696670532227,0.6047888994216919,0.22240173816680908,-0.3823871612548828,0.17591071128845215,0.04183467477560043,-0.13407603651285172,,,,0.0,0.0,0.0,0.0,0.0,0.0,0.42887818813323975,0.18056706339120865,-0.2483111247420311,144.4537811279297,0.00012663697998505086
42,PatientID_0065,TP1,TP4,TP4,128.0,1,True,0.0,0.07887677848339081,0.06748693063855171,-0.011389847844839096,0.09721359238028526,0.07595746591687202,-0.02125612646341324,0.13225826621055603,0.0835588276386261,-0.04869943857192993,0.4556433856487274,0.016735432669520378,-0.43890795297920704,0.06752774119377136,0.009061645716428757,-0.058466095477342606,0.20761089488543494,0.00028007470663604997,-0.2073308201787989,0.2515194059876419,0.00033930889746482373,-0.2511800970901771,0.005524408742060397,9.947994015739712e-05,-0.0054249288019030005,0.38811564445495605,0.007673786953091621,-0.38044185750186443,217.8157196044922,1.197481310555304e-06
42,PatientID_0074,TP1,TP4,TP4,344.0,1,True,0.0,0.1458493967851003,0.10985399037599564,-0.035995406409104674,0.16368025541305542,0.11696668962637584,-0.04671356578667958,0.14707104365030924,0.10874529431263606,-0.03832574933767317,0.6392853856086731,0.09702692925930023,-0.5422584563493729,0.08163260668516159,0.024385536089539528,-0.05724707059562206,0.40868580425282985,0.009414225001489251,-0.3992715792513406,0.8784345565539545,0.020235057049758295,-0.8581994995041963,0.014323435228845645,0.0012781577992354378,-0.013045277429610206,0.5576527789235115,0.0726413931697607,-0.4850113857537508,198.01268005371094,8.650420204503462e-05
42,PatientID_0083,TP1,TP4,TP4,398.0,1,True,1.0,0.3472935954729716,0.3265823721885681,-0.0207112232844035,0.2778691003719966,0.24040883282820383,-0.03746026754379275,0.2678360790014267,0.20034088691075644,-0.06749519209067026,0.07762263715267181,0.018260430544614792,-0.05936220660805702,0.06294547766447067,0.010156174190342426,-0.052789303474128246,0.8507799994931917,0.9638125822344451,0.11303258274125338,1.8286775410418497,2.071631237165425,0.24295369612357542,1.8873375529389838,2.1059750241196626,0.2186374711806789,0.014677159488201141,0.008104256354272366,-0.006572903133928776,240.58616638183594,7.691295650147367e-06
42,PatientID_0095,TP1,TP4,TP4,284.0,1,True,0.0,0.10417123883962631,0.09426259249448776,-0.00990864634513855,0.11213462799787521,0.08484143763780594,-0.027293190360069275,0.13311346992850304,0.08785855397582054,-0.045254915952682495,0.4372226595878601,0.019702792167663574,-0.41751986742019653,0.07054777443408966,0.01139233261346817,-0.05915544182062149,0.1911636540570818,0.0003882000192021451,-0.19077545403787965,0.35952842793105294,0.0007301018769230905,-0.35879832605412987,0.009360403011805437,0.00024409181959935433,-0.009116311192206083,0.36667488515377045,0.008310459554195404,-0.35836442559957504,201.4242706298828,5.339492872735718e-06
42,PatientID_0254,TP1,TP4,TP4,364.0,1,True,0.0,0.08286498486995697,0.08459268510341644,0.0017277002334594727,0.09643527865409851,0.10045447200536728,0.004019193351268768,0.15040500462055206,0.10851027071475983,-0.041894733905792236,0.7442499995231628,0.22538983821868896,-0.5188601613044739,0.15819187462329865,0.025109028443694115,-0.13308284617960453,0.5539080617902279,0.050800579172246785,-0.5031074826179811,1.190577156258028,0.10919142229430072,-1.0813857339637274,0.05378834782142442,0.0013551259961592016,-0.05243322182526522,0.5860581248998642,0.20028080977499485,-0.38577731512486935,261.7428894042969,0.0016518142074346542
43,PatientID_0014,TP1,TP4,TP4,295.0,1,True,0.0,0.08734422673781712,0.09210623800754547,0.004762011269728347,0.08147756258646648,0.09842463831106822,0.016947075724601746,0.09698693454265594,0.158535306652387,0.06154837210973105,0.289460152387619,0.8352097272872925,0.5457495748996735,0.29060107469558716,0.1294611245393753,-0.16113995015621185,0.08378717982026362,0.6975752885553135,0.6137881087350499,0.18009324861400564,1.4993773526960978,1.3192841040820922,0.18151574040271892,0.03602455373660221,-0.1454911866661167,0.0011409223079681396,0.7057486027479172,0.704607680439949,690.359375,0.0005024158745072782
43,PatientID_0021,TP2,TP5,TP5,126.0,0,False,,0.09152539819478989,0.0886855348944664,-0.0028398633003234863,0.10237699747085571,0.1067928671836853,0.00441586971282959,0.10364501178264618,0.13195787370204926,0.028312861919403076,0.263063907623291,0.12029342353343964,-0.14277048408985138,0.2676240801811218,0.035311128944158554,-0.23231295123696327,,,,0.0,0.0,0.0,0.0,0.0,0.0,0.0045601725578308105,0.08498229458928108,0.08042212203145027,391.431884765625,0.006976245436817408
43,PatientID_0053,TP1,TP5,TP5,91.0,0,False,,0.2837882936000824,0.28714728355407715,0.003358989953994751,0.2587374448776245,0.26477140188217163,0.006033957004547119,0.26455748081207275,0.2725553512573242,0.007997870445251465,0.28981804847717285,0.826716423034668,0.5368983745574951,0.28060728311538696,0.19578643143177032,-0.08482085168361664,,,,0.0,0.0,0.0,0.0,0.0,0.0,0.009210765361785889,0.6309299916028976,0.6217192262411118,300.52838134765625,0.000780658854637295
43,PatientID_0065,TP1,TP4,TP4,128.0,1,True,0.0,0.0728670135140419,0.06774557381868362,-0.005121439695358276,0.07385051995515823,0.07294323295354843,-0.0009072870016098022,0.07829470187425613,0.09100257232785225,0.012707870453596115,0.2657584846019745,0.13515496253967285,-0.13060352206230164,0.2677980959415436,0.037535104900598526,-0.23026299104094505,0.07062757213793791,0.018266863899100372,-0.05236070823883754,0.08556489773952478,0.02213020063178367,-0.0634346971077411,0.0868833040001973,0.0017068549899925034,-0.0851764490102048,0.002039611339569092,0.09761985763907433,0.09558024629950523,345.8098449707031,0.008653533644974232
43,PatientID_0074,TP1,TP4,TP4,344.0,1,True,0.0,0.10200127214193344,0.10223568479220073,0.00023441265026728775,0.10655309508244197,0.11494949956734975,0.008396404484907777,0.10549710939327876,0.11624681204557419,0.010749702652295426,0.26544445753097534,0.10005565732717514,-0.1653888002038002,0.2686476707458496,0.03549337387084961,-0.233154296875,0.07046076003391377,0.010011134563173096,-0.060449625470740675,0.1514492694650944,0.021518062186379534,-0.12993120727871488,0.15512650868949937,0.0027077865511138306,-0.15241872213838553,0.0032032132148742676,0.06456228345632553,0.06135907024145126,362.2326965332031,0.0057871900498867035
43,PatientID_0083,TP1,TP4,TP4,398.0,1,True,1.0,0.3317674895127614,0.3231669267018636,-0.008600562810897827,0.255558376510938,0.2628500511248906,0.007291674613952637,0.18815860648949942,0.2407044917345047,0.05254588524500528,0.2636224031448364,0.24885278940200806,-0.01476961374282837,0.2676143944263458,0.08995149284601212,-0.1776629015803337,0.5422519651501858,0.5642221319891441,0.02197016683895825,1.1655233912958103,1.2127463522202306,0.047222960924420354,1.1529207601094247,1.7801186183479998,0.6271978582385751,0.003991991281509399,0.15890129655599594,0.15490930527448654,297.8187561035156,0.017133595421910286
43,PatientID_0095,TP1,TP4,TP4,284.0,1,True,0.0,0.08807038888335228,0.08347519114613533,-0.0045951977372169495,0.08268015831708908,0.0852426253259182,0.002562467008829117,0.08442507311701775,0.10007000714540482,0.01564493402838707,0.26521414518356323,0.2208624929189682,-0.04435165226459503,0.26857900619506836,0.03568210452795029,-0.23289690166711807,0.07033854280544816,0.04878024077838128,-0.021558302027066878,0.13228825240101655,0.09174277070427217,-0.04054548169674438,0.1356663176960258,0.002394577153493663,-0.13327174054253213,0.003364861011505127,0.1851803883910179,0.1818155273795128,499.80181884765625,0.04661978781223297
43,PatientID_0254,TP1,TP4,TP4,364.0,1,True,0.0,0.08914031833410263,0.0765618160367012,-0.012578502297401428,0.09421791881322861,0.08199211955070496,-0.012225799262523651,0.09110945463180542,0.10652606934309006,0.015416614711284637,0.2686489522457123,0.46213358640670776,0.19348463416099548,0.26868778467178345,0.05056367442011833,-0.21812411025166512,0.072172259542719,0.21356745168512603,0.14139519214240703,0.1551279886582121,0.45904464447539656,0.30391665581718447,0.15517283850018138,0.005495372192879881,-0.1496774663073015,3.883242607116699e-05,0.41156991198658943,0.41153107956051826,438.2203369140625,0.050271451473236084
44,PatientID_0014,TP1,TP4,TP4,295.0,1,True,0.0,0.0995896930495898,0.08745472133159637,-0.012134971717993423,0.10947191715240479,0.09269063423077266,-0.016781282921632126,0.13729946066935858,0.144415944814682,0.007116484145323426,0.2033880203962326,0.4029713571071625,0.19958333671092987,0.19632884860038757,0.024102909490466118,-0.17222593910992146,0.04136668684069833,0.16238591464878827,0.12101922780808994,0.08891409203079392,0.34903438641795914,0.2601202943871652,0.0828491579138892,0.0012487019767544675,-0.08160045593713472,0.007059171795845032,0.37886844761669636,0.3718092758208513,1881.1107177734375,0.1351362019777298
44,PatientID_0021,TP2,TP5,TP5,126.0,0,False,,0.12011514604091644,0.0915394276380539,-0.02857571840286255,0.14944976568222046,0.11716602742671967,-0.03228373825550079,0.16144147515296936,0.1684187352657318,0.006977260112762451,0.20723697543144226,0.3331936299800873,0.12595665454864502,0.19670557975769043,0.02164197713136673,-0.1750636026263237,,,,0.0,0.0,0.0,0.0,0.0,0.0,0.010531395673751831,0.31155165284872055,0.3010202571749687,566.048828125,0.13576696813106537
44,PatientID_0053,TP1,TP5,TP5,91.0,0,False,,0.3032605051994324,0.3059137165546417,0.0026532113552093506,0.28160369396209717,0.2918926179409027,0.010288923978805542,0.2858932912349701,0.3082921504974365,0.02239885926246643,0.1932377815246582,0.44003474712371826,0.24679696559906006,0.1919262409210205,0.022879252210259438,-0.16904698871076107,,,,0.0,0.0,0.0,0.0,0.0,0.0,0.0013115406036376953,0.4171554949134588,0.41584395430982113,259.8637390136719,0.08258087188005447
44,PatientID_0065,TP1,TP4,TP4,128.0,1,True,0.0,0.08249177038669586,0.066583551466465,-0.015908218920230865,0.09723473340272903,0.07229101285338402,-0.024943720549345016,0.12416033074259758,0.08872090280056,-0.03543942794203758,0.2061614841222763,0.35441288352012634,0.14825139939785004,0.1962704360485077,0.024341149255633354,-0.17192928679287434,0.042502557535499585,0.12560849200505064,0.08310593446955106,0.051491604186685705,0.15217396617623377,0.10068236198954807,0.0466692834554846,0.0007178001041696681,-0.04595148335131493,0.009891048073768616,0.330071734264493,0.3201806861907244,290.8584289550781,0.038321662694215775
44,PatientID_0074,TP1,TP4,TP4,344.0,1,True,0.0,0.12460238734881084,0.12277036408583324,-0.0018320232629776,0.14978516101837158,0.13844521840413412,-0.011339942614237458,0.16265747944513956,0.1367624575893084,-0.025895021855831146,0.20607776939868927,0.33172816038131714,0.12565039098262787,0.19676493108272552,0.021842189133167267,-0.17492274194955826,0.04246804704033935,0.11004357238997287,0.06757552534963351,0.09128136989684703,0.2365290785930925,0.14524770869624548,0.08321761309866038,0.0010254445614549072,-0.08219216853720547,0.009312838315963745,0.30988597124814987,0.3005731329321861,985.2062377929688,0.16526705026626587
44,PatientID_0083,TP1,TP4,TP4,398.0,1,True,1.0,0.36438382665316266,0.3333999216556549,-0.03098390499750775,0.2943360060453415,0.2959411293268204,0.0016051232814788818,0.2397079219420751,0.30296070377031964,0.06325278182824454,0.20525480806827545,0.02864326350390911,-0.17661154456436634,0.19546803832054138,0.021975792944431305,-0.17349224537611008,0.6316199200985937,0.9435339095363362,0.3119139894377425,1.357612030192288,2.0280439956373444,0.6704319654450563,1.3912541198109527,2.055980861484272,0.6647267416733191,0.00978676974773407,0.006667470559477806,-0.0031192991882562637,399.78497314453125,2.306095439053024e-06
44,PatientID_0095,TP1,TP4,TP4,284.0,1,True,0.0,0.10334878414869308,0.0913059338927269,-0.012042850255966187,0.12429804354906082,0.09107255935668945,-0.03322548419237137,0.15136031061410904,0.10539455339312553,-0.045965757220983505,0.20501063764095306,0.3294675350189209,0.12445689737796783,0.19457665085792542,0.02180963195860386,-0.17276701889932156,0.04202936154595016,0.10854885663144387,0.06651949508549371,0.07904614691582121,0.20415177754848166,0.12510563063266045,0.07120481461514573,0.0008945911265012706,-0.07031022348864446,0.010433986783027649,0.30765790306031704,0.2972239162772894,868.2158203125,0.16352461278438568
44,PatientID_0254,TP1,TP4,TP4,364.0,1,True,0.0,0.10557280480861664,0.07506197690963745,-0.030510827898979187,0.13200998306274414,0.08119010925292969,-0.05081987380981445,0.13638445734977722,0.09581806510686874,-0.04056639224290848,0.20539475977420807,0.3507920205593109,0.14539726078510284,0.19417954981327057,0.026478197425603867,-0.1677013523876667,0.04218700734270464,0.12305504168808401,0.08086803434537937,0.09067729953375442,0.2644960990867399,0.17381879955298546,0.08104511430541125,0.00150694253471543,-0.07953817177069582,0.0112152099609375,0.32431382313370705,0.31309861317276955,422.4389343261719,0.1284693479537964
