patient,start,end,window_end,primary_survival_window,horizon,latent_mse,cosine_similarity,latent_disagreement,survival_disagreement,risk,survival365,true_risk,true_survival365,mean_latent_risk,mean_latent_survival365,survival_time,event
PatientID_0014,TP1,TP2,TP4,1,1,0.14413002133369446,0.9248133897781372,0.0,0.0,-2.228804588317871,0.6980006098747253,0.01612958498299122,0.1453494131565094,-2.228804588317871,0.6980006098747253,485.0,1
PatientID_0014,TP2,TP3,TP5,0,1,0.07557518780231476,0.9610716700553894,0.0,0.0,-0.17514272034168243,0.16653083264827728,0.5027679800987244,0.0992189347743988,-0.17514272034168243,0.16653083264827728,365.0,1
PatientID_0014,TP3,TP4,TP6,0,1,0.10124582052230835,0.9474883079528809,0.0,0.0,0.7209832072257996,0.08366966992616653,1.1790344715118408,0.06545793265104294,0.7209832072257996,0.08366966992616653,295.0,1
PatientID_0021,TP2,TP3,TP5,1,1,0.11620643734931946,0.9394780993461609,0.0,0.0,-0.18391072750091553,0.2072579711675644,0.9154801964759827,0.08224095404148102,-0.18391072750091553,0.2072579711675644,281.0,0
PatientID_0053,TP1,TP3,TP5,1,1,0.2928168773651123,0.8484115600585938,0.0,0.0,-1.1962110996246338,0.4189521372318268,-0.09092547744512558,0.16893227398395538,-1.1962110996246338,0.4189521372318268,321.0,0
PatientID_0065,TP1,TP2,TP4,1,1,0.07796266674995422,0.9598281383514404,0.0,0.0,-1.6059465408325195,0.49068641662597656,0.2746275067329407,0.1137276291847229,-1.6059465408325195,0.49068641662597656,271.0,1
PatientID_0065,TP2,TP3,TP5,0,1,0.07979089021682739,0.9588590860366821,0.0,0.0,-0.28355154395103455,0.21975529193878174,1.0421855449676514,0.07215295732021332,-0.28355154395103455,0.21975529193878174,208.0,1
PatientID_0074,TP1,TP2,TP4,1,1,0.1318376064300537,0.9311985373497009,0.0,0.0,-1.2519475221633911,0.44218873977661133,0.16323541104793549,0.14093731343746185,-1.2519475221633911,0.44218873977661133,573.0,1
PatientID_0074,TP2,TP3,TP5,0,1,0.17774157226085663,0.9070111513137817,0.0,0.0,-1.6112620830535889,0.5628257393836975,-0.12303566932678223,0.1878410130739212,-1.6112620830535889,0.5628257393836975,490.0,1
PatientID_0074,TP3,TP4,TP6,0,1,0.12796901166439056,0.9332993030548096,0.0,0.0,-2.5614240169525146,0.8489166498184204,-2.57283616065979,0.8462420701980591,-2.5614240169525146,0.8489166498184204,344.0,1
PatientID_0083,TP1,TP2,TP4,1,1,0.38070759177207947,0.7994457483291626,0.0,0.0,1.3356521129608154,0.062286876142024994,1.3664560317993164,0.06282833963632584,1.3356521129608154,0.062286876142024994,516.0,1
PatientID_0083,TP2,TP3,TP5,0,1,0.30057016015052795,0.8416210412979126,0.0,0.0,-2.540339469909668,0.8461846709251404,-2.5342984199523926,0.8452574610710144,-2.540339469909668,0.8461846709251404,478.0,1
PatientID_0083,TP3,TP4,TP6,0,1,0.3606030344963074,0.8130037188529968,0.0,0.0,-2.467639923095703,0.8245466947555542,-1.937512755393982,0.7125793695449829,-2.467639923095703,0.8245466947555542,398.0,1
PatientID_0095,TP1,TP2,TP4,1,1,0.11688719689846039,0.9391416311264038,0.0,0.0,-0.27997931838035583,0.21156887710094452,1.012693166732788,0.07261624932289124,-0.27997931838035583,0.21156887710094452,401.0,1
PatientID_0095,TP2,TP3,TP6,0,1,0.09145528078079224,0.9526799917221069,0.0,0.0,0.009360795840620995,0.17040954530239105,0.9429778456687927,0.0779787003993988,0.009360795840620995,0.17040954530239105,394.0,1
PatientID_0254,TP1,TP2,TP4,1,1,0.08286498486995697,0.9572802782058716,0.0,0.0,-1.14036226272583,0.4539107382297516,-0.6029461026191711,0.30518457293510437,-1.14036226272583,0.4539107382297516,416.0,1
PatientID_0014,TP1,TP3,TP4,1,2,0.1331111639738083,0.9307767152786255,0.0,0.0,-2.2277565002441406,0.7048479318618774,0.0016366597265005112,0.153197780251503,-2.2277565002441406,0.7048479318618774,365.0,1
PatientID_0014,TP2,TP4,TP5,0,2,0.10728009790182114,0.9443023204803467,0.0,0.0,-1.113219976425171,0.3686257302761078,0.6389912962913513,0.0923730656504631,-1.113219976425171,0.3686257302761078,295.0,1
PatientID_0014,TP3,TP5,TP6,0,2,0.11684690415859222,0.9392626285552979,0.0,0.0,0.5418192744255066,0.10116767883300781,1.2925236225128174,0.06346844881772995,0.5418192744255066,0.10116767883300781,260.0,1
PatientID_0021,TP2,TP4,TP5,1,2,0.1495000422000885,0.9218458533287048,0.0,0.0,-0.5495876669883728,0.31006836891174316,1.1032214164733887,0.07476741820573807,-0.5495876669883728,0.31006836891174316,189.0,0
PatientID_0053,TP1,TP4,TP5,1,2,0.27819162607192993,0.8560611009597778,0.0,0.0,-0.9761777520179749,0.373234361410141,-0.062308333814144135,0.17339283227920532,-0.9761777520179749,0.373234361410141,160.0,0
PatientID_0065,TP1,TP3,TP4,1,2,0.09861763566732407,0.9488758444786072,0.0,0.0,-0.7977182269096375,0.3241352140903473,1.0720027685165405,0.06967325508594513,-0.7977182269096375,0.3241352140903473,208.0,1
PatientID_0065,TP2,TP4,TP5,0,2,0.09580954909324646,0.9503872394561768,0.0,0.0,-0.8404277563095093,0.37011417746543884,1.0989601612091064,0.0717398077249527,-0.8404277563095093,0.37011417746543884,128.0,1
PatientID_0074,TP1,TP3,TP4,1,2,0.21296128630638123,0.8883668184280396,0.0,0.0,-1.6035208702087402,0.5871124267578125,1.0043314695358276,0.0785038098692894,-1.6035208702087402,0.5871124267578125,490.0,1
PatientID_0074,TP2,TP4,TP5,0,2,0.14107108116149902,0.9263895153999329,0.0,0.0,-1.5447254180908203,0.5804867148399353,0.24188552796840668,0.15172067284584045,-1.5447254180908203,0.5804867148399353,344.0,1
PatientID_0074,TP3,TP5,TP6,0,2,0.137008398771286,0.9286520481109619,0.0,0.0,-2.4758992195129395,0.8431445360183716,-2.5280210971832275,0.8470429182052612,-2.4758992195129395,0.8431445360183716,104.0,1
PatientID_0083,TP1,TP3,TP4,1,2,0.37895864248275757,0.8001968860626221,0.0,0.0,1.2271502017974854,0.06512513756752014,1.1817688941955566,0.06672293692827225,1.2271502017974854,0.06512513756752014,478.0,1
PatientID_0083,TP2,TP4,TP5,0,2,0.23086099326610565,0.8793162703514099,0.0,0.0,-2.513847589492798,0.8469727039337158,-2.43697452545166,0.8380562663078308,-2.513847589492798,0.8469727039337158,398.0,1
PatientID_0083,TP3,TP5,TP6,0,2,0.22378766536712646,0.8846020102500916,0.0,0.0,-2.5042362213134766,0.8333255052566528,-2.1877312660217285,0.7749643921852112,-2.5042362213134766,0.8333255052566528,384.0,1
PatientID_0095,TP1,TP3,TP4,1,2,0.1301754117012024,0.932194709777832,0.0,0.0,-0.6946489214897156,0.31871774792671204,1.1429041624069214,0.068683922290802,-0.6946489214897156,0.31871774792671204,394.0,1
PatientID_0095,TP2,TP4,TP6,0,2,0.09409384429454803,0.9512828588485718,0.0,0.0,-0.17686831951141357,0.2120554894208908,0.9890519976615906,0.07825129479169846,-0.17686831951141357,0.2120554894208908,284.0,1
PatientID_0254,TP1,TP3,TP4,1,2,0.09643527865409851,0.9500666856765747,0.0,0.0,-1.496397852897644,0.5830191373825073,-0.19638310372829437,0.23175571858882904,-1.496397852897644,0.5830191373825073,372.0,1
PatientID_0014,TP1,TP4,TP4,1,3,0.23120525479316711,0.8798757791519165,0.0,0.0,-2.3641409873962402,0.7555330395698547,0.26332536339759827,0.130325585603714,-2.3641409873962402,0.7555330395698547,295.0,1
PatientID_0014,TP2,TP5,TP5,0,3,0.12553396821022034,0.9346909523010254,0.0,0.0,-1.4608941078186035,0.4954293668270111,0.8883500695228577,0.08004185557365417,-1.4608941078186035,0.4954293668270111,260.0,1
PatientID_0014,TP3,TP6,TP6,0,3,0.18769508600234985,0.9019550681114197,0.0,0.0,0.6661372780799866,0.1015046089887619,1.4268064498901367,0.06414951384067535,0.6661372780799866,0.1015046089887619,169.0,1
PatientID_0021,TP2,TP5,TP5,1,3,0.1802440881729126,0.9057692885398865,0.0,0.0,-1.191129446029663,0.4975564777851105,1.1390788555145264,0.07357195019721985,-1.191129446029663,0.4975564777851105,126.0,0
PatientID_0053,TP1,TP5,TP5,1,3,0.2839992642402649,0.8531367182731628,0.0,0.0,-1.7293739318847656,0.6047888994216919,-0.08290576934814453,0.17591071128845215,-1.7293739318847656,0.6047888994216919,91.0,0
PatientID_0065,TP1,TP4,TP4,1,3,0.1309913694858551,0.9318610429763794,0.0,0.0,-1.1425873041152954,0.4556433856487274,1.1934154033660889,0.06752774119377136,-1.1425873041152954,0.4556433856487274,128.0,1
PatientID_0065,TP2,TP5,TP5,0,3,0.13352516293525696,0.9304854273796082,0.0,0.0,-1.2174944877624512,0.48661234974861145,1.1579285860061646,0.06975586712360382,-1.2174944877624512,0.48661234974861145,1.0,1
PatientID_0074,TP1,TP4,TP4,1,3,0.18354478478431702,0.9040588140487671,0.0,0.0,-1.7526434659957886,0.6392853856086731,0.9611004590988159,0.08163260668516159,-1.7526434659957886,0.6392853856086731,344.0,1
PatientID_0074,TP2,TP5,TP5,0,3,0.13899728655815125,0.9275738000869751,0.0,0.0,0.5438330769538879,0.1199997141957283,0.21337032318115234,0.15839402377605438,0.5438330769538879,0.1199997141957283,104.0,1
PatientID_0074,TP3,TP6,TP6,0,3,0.11867105960845947,0.9382359981536865,0.0,0.0,-2.519822835922241,0.8508837223052979,-2.5051703453063965,0.8449211716651917,-2.519822835922241,0.8508837223052979,1.0,1
PatientID_0083,TP1,TP4,TP4,1,3,0.1673096865415573,0.9123959541320801,0.0,0.0,0.9820564389228821,0.07762263715267181,1.371350646018982,0.06294547766447067,0.9820564389228821,0.07762263715267181,398.0,1
PatientID_0083,TP2,TP5,TP5,0,3,0.2334176003932953,0.8795307874679565,0.0,0.0,-2.5254974365234375,0.8474845290184021,-2.483478546142578,0.8443538546562195,-2.5254974365234375,0.8474845290184021,384.0,1
PatientID_0083,TP3,TP6,TP6,0,3,0.4027809500694275,0.7959977388381958,0.0,0.0,-2.5514683723449707,0.8377552032470703,-2.0851407051086426,0.75338214635849,-2.5514683723449707,0.8377552032470703,366.0,1
PatientID_0095,TP1,TP4,TP4,1,3,0.16300737857818604,0.9150867462158203,0.0,0.0,-1.0777106285095215,0.4372226595878601,1.1338614225387573,0.07054777443408966,-1.0777106285095215,0.4372226595878601,284.0,1
PatientID_0095,TP2,TP6,TP6,0,3,0.10321956127882004,0.9464626312255859,0.0,0.0,-0.6211783289909363,0.3150394558906555,1.070601224899292,0.07413351535797119,-0.6211783289909363,0.3150394558906555,163.0,1
PatientID_0254,TP1,TP4,TP4,1,3,0.15040500462055206,0.9217807650566101,0.0,0.0,-2.097127914428711,0.7442499995231628,0.2464984506368637,0.15819187462329865,-2.097127914428711,0.7442499995231628,364.0,1
