patient,start,end,window_end,primary_survival_window,horizon,latent_mse,cosine_similarity,error_l2,latent_uncertainty,survival_uncertainty,member_latent_mse,member_cosine_similarity,risk,survival365,survival_time,event
PatientID_0014,TP1,TP2,TP4,1,1,0.124125175178051,0.9352765083312988,55.2313346862793,313.3467712402344,0.011426964774727821,"[0.12642653286457062, 0.15036839246749878, 0.13431893289089203, 0.1436609923839569, 0.1296015828847885]","[0.9340530633926392, 0.921367883682251, 0.929932713508606, 0.9249814748764038, 0.9324033260345459]",-1.0209980010986328,0.44838595390319824,485.0,1
PatientID_0014,TP1,TP3,TP4,1,2,0.10082828998565674,0.9477907419204712,49.77907180786133,427.45684814453125,0.01615479215979576,"[0.0964791402220726, 0.1770864576101303, 0.10773530602455139, 0.11615566909313202, 0.09365123510360718]","[0.9501007199287415, 0.9075689315795898, 0.9441089630126953, 0.9396366477012634, 0.9515828490257263]",-0.8946073651313782,0.4137435853481293,365.0,1
PatientID_0014,TP1,TP4,TP4,1,3,0.16067668795585632,0.9156990051269531,62.83940124511719,697.6026611328125,0.01831051893532276,"[0.16215604543685913, 0.2935968339443207, 0.17272815108299255, 0.18696868419647217, 0.12986135482788086]","[0.9151630401611328, 0.8472071886062622, 0.9099612236022949, 0.9023765325546265, 0.9323607683181763]",-1.177816390991211,0.519301176071167,295.0,1
PatientID_0014,TP2,TP3,TP5,0,1,0.06823547929525375,0.965286374092102,40.95064163208008,272.07281494140625,1.1476072359073441e-05,"[0.07469707727432251, 0.08275352418422699, 0.0801973044872284, 0.0802234336733818, 0.07865938544273376]","[0.9618203043937683, 0.9574049711227417, 0.9587335586547852, 0.9587302207946777, 0.9595757126808167]",1.6939228773117065,0.03327016159892082,365.0,1
PatientID_0014,TP2,TP4,TP5,0,2,0.09478504955768585,0.9510414600372314,48.264244079589844,313.2959289550781,5.7970442867372185e-05,"[0.1010388731956482, 0.11314006894826889, 0.10786690562963486, 0.11421346664428711, 0.10140611976385117]","[0.9476794004440308, 0.9412004351615906, 0.9440363645553589, 0.9406473636627197, 0.9474571347236633]",1.437218427658081,0.04277726635336876,295.0,1
PatientID_0014,TP2,TP5,TP5,0,3,0.09762301295995712,0.9495186805725098,48.9814567565918,374.9818420410156,0.00028784398455172777,"[0.10261577367782593, 0.11923345178365707, 0.11237447708845139, 0.13376668095588684, 0.0964149460196495]","[0.9468251466751099, 0.9379667043685913, 0.9416685104370117, 0.9303034543991089, 0.9501180648803711]",1.4259862899780273,0.04707149788737297,260.0,1
PatientID_0014,TP3,TP4,TP6,0,1,0.09071590006351471,0.9532303810119629,47.216880798339844,285.0218505859375,1.1777583495131694e-05,"[0.09890779852867126, 0.10528342425823212, 0.10147435963153839, 0.10640738904476166, 0.09949436038732529]","[0.9488334655761719, 0.9453903436660767, 0.9474235773086548, 0.9447948932647705, 0.9484775066375732]",1.6915029287338257,0.033093370497226715,295.0,1
PatientID_0014,TP3,TP5,TP6,0,2,0.09247227013111115,0.9522832036018372,47.671775817871094,332.76361083984375,8.243251068051904e-05,"[0.09894333779811859, 0.11010490357875824, 0.10156136751174927, 0.12292805314064026, 0.09652461856603622]","[0.9487965106964111, 0.9428238272666931, 0.9473855495452881, 0.9360342025756836, 0.9500604867935181]",1.579935073852539,0.037974949926137924,260.0,1
PatientID_0014,TP3,TP6,TP6,0,3,0.15067768096923828,0.9210147857666016,60.85272979736328,451.7713623046875,0.0001502603990957141,"[0.16747626662254333, 0.161483496427536, 0.16097867488861084, 0.21280646324157715, 0.14255666732788086]","[0.9122487306594849, 0.9154073596000671, 0.9158303737640381, 0.888771653175354, 0.9254750609397888]",1.8260682821273804,0.033565763384103775,169.0,1
PatientID_0021,TP2,TP3,TP5,1,1,0.08998170495033264,0.9535878896713257,47.025421142578125,282.4855041503906,0.0001760410814313218,"[0.09802975505590439, 0.10468780994415283, 0.09902214258909225, 0.10618209838867188, 0.09945857524871826]","[0.9492275714874268, 0.9456469416618347, 0.9486713409423828, 0.9448564648628235, 0.9484506845474243]",1.1077778339385986,0.06653182953596115,281.0,0
PatientID_0021,TP2,TP4,TP5,1,2,0.11075743287801743,0.9424010515213013,52.17254638671875,326.69500732421875,0.000351769442204386,"[0.11833613365888596, 0.12881293892860413, 0.11922081559896469, 0.138167604804039, 0.11571594327688217]","[0.9383426904678345, 0.9327447414398193, 0.9379042387008667, 0.9278795719146729, 0.9397462606430054]",1.2555458545684814,0.0633428618311882,189.0,0
PatientID_0021,TP2,TP5,TP5,1,3,0.13905535638332367,0.9271946549415588,58.458740234375,500.2109069824219,0.006397061049938202,"[0.15826216340065002, 0.15148255228996277, 0.16009879112243652, 0.20246094465255737, 0.12474050372838974]","[0.9171559810638428, 0.9206743836402893, 0.916337251663208, 0.894169270992279, 0.9349342584609985]",0.841870903968811,0.11897151917219162,126.0,0
PatientID_0053,TP1,TP3,TP5,1,1,0.28911152482032776,0.8508552312850952,84.29237365722656,184.33233642578125,0.0005005090497434139,"[0.2930891513824463, 0.2973134219646454, 0.2959924042224884, 0.30024176836013794, 0.29642337560653687]","[0.8490774631500244, 0.8471838235855103, 0.8477873206138611, 0.8460599184036255, 0.8473721742630005]",-2.0985567569732666,0.7961962223052979,321.0,0
PatientID_0053,TP1,TP4,TP5,1,2,0.2706225514411926,0.8604347705841064,81.55255889892578,195.49911499023438,0.002458530245348811,"[0.2741622030735016, 0.28004950284957886, 0.27722281217575073, 0.2821033000946045, 0.27934926748275757]","[0.8588979840278625, 0.8560157418251038, 0.8575513362884521, 0.855413556098938, 0.8562949895858765]",-1.861162543296814,0.7546098828315735,160.0,0
PatientID_0053,TP1,TP5,TP5,1,3,0.28134089708328247,0.8548519015312195,83.15187072753906,220.79000854492188,0.0006503373733721673,"[0.28517287969589233, 0.29085972905158997, 0.2885599136352539, 0.29886099696159363, 0.2881707549095154]","[0.8528149127960205, 0.8505953550338745, 0.8519858717918396, 0.8467115163803101, 0.8519647121429443]",-2.0357258319854736,0.7975570559501648,91.0,0
PatientID_0065,TP1,TP2,TP4,1,1,0.06646310538053513,0.9662023782730103,40.41530990600586,271.4842529296875,0.0004924701061099768,"[0.07506997883319855, 0.08103813230991364, 0.07565446197986603, 0.08003869652748108, 0.07574786990880966]","[0.961595356464386, 0.9583194255828857, 0.9611377716064453, 0.9588278532028198, 0.961135745048523]",0.5900103449821472,0.09586254507303238,271.0,1
PatientID_0065,TP1,TP3,TP4,1,2,0.08073535561561584,0.958560049533844,44.5438232421875,324.14215087890625,0.0007312542293220758,"[0.09078274667263031, 0.09942915290594101, 0.08767329901456833, 0.10664322227239609, 0.08509527146816254]","[0.9531407356262207, 0.9485217928886414, 0.9547593593597412, 0.9447148442268372, 0.9561580419540405]",0.963502824306488,0.07512795180082321,208.0,1
PatientID_0065,TP1,TP4,TP4,1,3,0.08437266200780869,0.9566279649734497,45.53616714477539,432.2641296386719,0.003678771434351802,"[0.10638779401779175, 0.09932686388492584, 0.09544598311185837, 0.1305294632911682, 0.07811755686998367]","[0.944847583770752, 0.9485973119735718, 0.9506611824035645, 0.9322121143341064, 0.9598931074142456]",0.8759123086929321,0.09813765436410904,128.0,1
PatientID_0065,TP2,TP3,TP5,0,1,0.07306410372257233,0.9626901149749756,42.374794006347656,283.08026123046875,0.0004996330826543272,"[0.08110331743955612, 0.08854550123214722, 0.08050783723592758, 0.09107422083616257, 0.08168243616819382]","[0.9583480358123779, 0.954328179359436, 0.9585765600204468, 0.9529546499252319, 0.9579923152923584]",0.9234730005264282,0.07758061587810516,208.0,1
PatientID_0065,TP2,TP4,TP5,0,2,0.0714312493801117,0.9635729193687439,41.89862060546875,338.33917236328125,0.0022642361000180244,"[0.08297299593687057, 0.08609204739332199, 0.07970936596393585, 0.10133771598339081, 0.07587940990924835]","[0.957330048084259, 0.9556484818458557, 0.9590058922767639, 0.9475489854812622, 0.9610952138900757]",0.8190500140190125,0.09661567211151123,128.0,1
PatientID_0065,TP2,TP5,TP5,0,3,0.10591460764408112,0.9450736045837402,51.01918411254883,465.39935302734375,0.00898038875311613,"[0.10668456554412842, 0.12480451911687851, 0.11585085093975067, 0.1775873601436615, 0.09933146089315414]","[0.9446560144424438, 0.9350255131721497, 0.9398307800292969, 0.907525360584259, 0.9485728740692139]",0.9334719777107239,0.10712533444166183,1.0,1
PatientID_0074,TP1,TP2,TP4,1,1,0.10712315887212753,0.9443488121032715,51.30944061279297,294.80535888671875,0.0010978414211422205,"[0.11420194804668427, 0.12482799589633942, 0.11435195058584213, 0.12396593391895294, 0.11824630945920944]","[0.9405347108840942, 0.9348573088645935, 0.9404751062393188, 0.9353710412979126, 0.9383747577667236]",0.4062217175960541,0.12272222340106964,573.0,1
PatientID_0074,TP1,TP3,TP4,1,2,0.11402231454849243,0.9406532049179077,52.93592834472656,340.432373046875,0.0012433637166395783,"[0.1188783273100853, 0.13296443223953247, 0.12245677411556244, 0.14506632089614868, 0.12000681459903717]","[0.9380528926849365, 0.9305522441864014, 0.9362037777900696, 0.9242322444915771, 0.937466561794281]",0.8961848616600037,0.08773356676101685,490.0,1
PatientID_0074,TP1,TP4,TP4,1,3,0.11875325441360474,0.938119113445282,54.02295684814453,434.12744140625,0.0019093237351626158,"[0.11738421767950058, 0.1413881778717041, 0.13750600814819336, 0.1693919152021408, 0.11641941964626312]","[0.9388687610626221, 0.9261179566383362, 0.9282690286636353, 0.911477267742157, 0.9394036531448364]",1.2826813459396362,0.0689690113067627,344.0,1
PatientID_0074,TP2,TP3,TP5,0,1,0.09326024353504181,0.9518246650695801,47.87445831298828,295.19012451171875,0.0025946288369596004,"[0.10016769170761108, 0.10819226503372192, 0.10305910557508469, 0.11034729331731796, 0.10459141433238983]","[0.9480915069580078, 0.9437786340713501, 0.9465204477310181, 0.9426453113555908, 0.9457036256790161]",0.05937690660357475,0.1790080964565277,490.0,1
PatientID_0074,TP2,TP4,TP5,0,2,0.10028024017810822,0.9480423927307129,49.64360046386719,313.4185485839844,0.00044038789928890765,"[0.10163228213787079, 0.12130875885486603, 0.11106123775243759, 0.12150430679321289, 0.10965978354215622]","[0.9473013877868652, 0.9367944002151489, 0.9422693252563477, 0.9367346167564392, 0.943007230758667]",1.1614621877670288,0.06688379496335983,344.0,1
PatientID_0074,TP2,TP5,TP5,0,3,0.11280026286840439,0.9413297176361084,52.6514892578125,308.10638427734375,1.8900933355325833e-05,"[0.11732505261898041, 0.1233266144990921, 0.12447663396596909, 0.12783131003379822, 0.1337260603904724]","[0.9389281272888184, 0.9358035326004028, 0.9351669549942017, 0.933405339717865, 0.9302254915237427]",2.0545852184295654,0.028589505702257156,104.0,1
PatientID_0074,TP3,TP4,TP6,0,1,0.08913446962833405,0.9540503621101379,46.80350875854492,285.7185363769531,0.010949299670755863,"[0.09499998390674591, 0.1053541824221611, 0.10005634278059006, 0.10281147062778473, 0.10057996213436127]","[0.9508796334266663, 0.9453028440475464, 0.948131263256073, 0.9466632008552551, 0.9478540420532227]",-0.881434440612793,0.4230802655220032,344.0,1
PatientID_0074,TP3,TP5,TP6,0,2,0.10921050608158112,0.9432514309883118,51.806922912597656,279.97991943359375,0.00026498842635191977,"[0.11311522126197815, 0.11754956096410751, 0.1231994777917862, 0.12023113667964935, 0.12891918420791626]","[0.9411692023277283, 0.9388718008995056, 0.9358453750610352, 0.9374430775642395, 0.9327753782272339]",1.3635128736495972,0.0574432872235775,104.0,1
PatientID_0074,TP3,TP6,TP6,0,3,0.09763117879629135,0.9494807124137878,48.98350524902344,285.1763916015625,0.002377203432843089,"[0.09918586909770966, 0.11156854033470154, 0.10749799013137817, 0.11775286495685577, 0.11016996949911118]","[0.9486374258995056, 0.9420226216316223, 0.9442017674446106, 0.9387575387954712, 0.9427599906921387]",0.7627193331718445,0.11937534809112549,1.0,1
PatientID_0083,TP1,TP2,TP4,1,1,0.3303166329860687,0.824424147605896,90.09917449951172,283.8267822265625,0.008384385146200657,"[0.3435859680175781, 0.33955806493759155, 0.34370797872543335, 0.33992263674736023, 0.3425532579421997]","[0.8175145387649536, 0.8201415538787842, 0.8184833526611328, 0.820634126663208, 0.8184325695037842]",-0.39445847272872925,0.3042674660682678,516.0,1
PatientID_0083,TP1,TP3,TP4,1,2,0.3393247127532959,0.8198072910308838,91.31946563720703,317.8237609863281,0.012752765789628029,"[0.36025452613830566, 0.33609360456466675, 0.3575190007686615, 0.3374727964401245, 0.3699449896812439]","[0.8090929985046387, 0.8221769332885742, 0.8114863634109497, 0.8222797513008118, 0.8040743470191956]",-0.3795967996120453,0.31962618231773376,478.0,1
PatientID_0083,TP1,TP4,TP4,1,3,0.15099313855171204,0.9208360910415649,60.9163932800293,414.3088684082031,0.02480572834610939,"[0.1647465080022812, 0.16336825489997864, 0.16305851936340332, 0.19866660237312317, 0.14941716194152832]","[0.9136972427368164, 0.914386510848999, 0.9147701263427734, 0.8961319923400879, 0.9218018054962158]",-0.5449097752571106,0.38455721735954285,398.0,1
PatientID_0083,TP2,TP3,TP5,0,1,0.27663931250572205,0.8533660769462585,82.45415496826172,328.88714599609375,0.0002936369273811579,"[0.29359954595565796, 0.2752312123775482, 0.2891925573348999, 0.2979283034801483, 0.2941572070121765]","[0.8448232412338257, 0.8547693490982056, 0.8474216461181641, 0.8429254293441772, 0.8446570634841919]",-2.212528944015503,0.8354058265686035,478.0,1
PatientID_0083,TP2,TP4,TP5,0,2,0.19696903228759766,0.8964143991470337,69.5752182006836,351.61505126953125,0.00016077928012236953,"[0.20552365481853485, 0.22116796672344208, 0.21078023314476013, 0.2130402773618698, 0.20586931705474854]","[0.8921704292297363, 0.8839517831802368, 0.8895735740661621, 0.8886690735816956, 0.8920000791549683]",-2.16430926322937,0.8355763554573059,398.0,1
PatientID_0083,TP2,TP5,TP5,0,3,0.20761698484420776,0.8909087181091309,71.4310531616211,635.15185546875,6.627206312259659e-05,"[0.23965907096862793, 0.17761489748954773, 0.2312895953655243, 0.2936272919178009, 0.22511601448059082]","[0.8746012449264526, 0.907467782497406, 0.8797223567962646, 0.847975492477417, 0.8820913434028625]",-2.218482732772827,0.8437015414237976,384.0,1
PatientID_0083,TP3,TP4,TP6,0,1,0.3544769287109375,0.8148560523986816,93.3360824584961,226.74368286132812,0.0004978048382326961,"[0.36113762855529785, 0.3628004491329193, 0.3607047498226166, 0.37067538499832153, 0.3631976246833801]","[0.8119090795516968, 0.8112686276435852, 0.812110424041748, 0.8078519701957703, 0.8108571767807007]",0.7794174551963806,0.09553474932909012,398.0,1
PatientID_0083,TP3,TP5,TP6,0,2,0.2021978199481964,0.8948686122894287,70.49264526367188,280.03564453125,0.002935458905994892,"[0.21478992700576782, 0.2071719467639923, 0.2078874111175537, 0.22994926571846008, 0.20816391706466675]","[0.8884786367416382, 0.89274662733078, 0.8924086093902588, 0.8811279535293579, 0.8922456502914429]",0.44532689452171326,0.14130595326423645,384.0,1
PatientID_0083,TP3,TP6,TP6,0,3,0.27007484436035156,0.859149694442749,81.46998596191406,777.322265625,0.028115954250097275,"[0.3435177505016327, 0.23785392940044403, 0.26461169123649597, 0.4229757785797119, 0.23956160247325897]","[0.8237814903259277, 0.8767796754837036, 0.8634565472602844, 0.7855198383331299, 0.8759270310401917]",0.32149338722229004,0.21523542702198029,366.0,1
PatientID_0095,TP1,TP2,TP4,1,1,0.10521842539310455,0.9454221725463867,50.851234436035156,282.24365234375,2.068033609248232e-05,"[0.11062346398830414, 0.12172834575176239, 0.1147073358297348, 0.12260721623897552, 0.11384837329387665]","[0.9425179362297058, 0.9365968704223633, 0.9403581619262695, 0.9361940622329712, 0.9407975673675537]",1.6124420166015625,0.03701962158083916,401.0,1
PatientID_0095,TP1,TP3,TP4,1,2,0.08943471312522888,0.9539073705673218,46.88227462768555,311.83917236328125,3.9950340578798205e-05,"[0.09392865002155304, 0.10927122086286545, 0.10045067965984344, 0.11391928046941757, 0.09304755926132202]","[0.9514679312705994, 0.9432848691940308, 0.9479855298995972, 0.9408665895462036, 0.9519311189651489]",1.6863664388656616,0.03602036088705063,394.0,1
PatientID_0095,TP1,TP4,TP4,1,3,0.09704365581274033,0.9498322010040283,48.83589553833008,423.6220703125,0.00017154254601337016,"[0.09733515977859497, 0.1221732497215271, 0.11656922101974487, 0.14155630767345428, 0.09377048909664154]","[0.9496434926986694, 0.9364407062530518, 0.9394623041152954, 0.9263447523117065, 0.951540470123291]",1.767033576965332,0.03644213080406189,284.0,1
PatientID_0095,TP2,TP3,TP6,0,1,0.07524216175079346,0.9615225791931152,43.00175857543945,264.7251892089844,6.8549479692592286e-06,"[0.0805598646402359, 0.08877016603946686, 0.08713706582784653, 0.0887317955493927, 0.08487038314342499]","[0.9586392045021057, 0.9542146325111389, 0.9550592303276062, 0.9542035460472107, 0.9563044309616089]",1.8125135898590088,0.03113245964050293,394.0,1
PatientID_0095,TP2,TP4,TP6,0,2,0.0802893191576004,0.9588109850883484,44.42060852050781,299.65216064453125,6.642839252890553e-06,"[0.08387690782546997, 0.09606362879276276, 0.09433796256780624, 0.09871697425842285, 0.0894155204296112]","[0.9568445682525635, 0.9503229856491089, 0.9512301087379456, 0.9489091038703918, 0.9538640975952148]",2.010812520980835,0.02756989561021328,284.0,1
PatientID_0095,TP2,TP6,TP6,0,3,0.0835227370262146,0.9570791721343994,45.30623245239258,345.46295166015625,1.021605021378491e-05,"[0.08527013659477234, 0.10468082875013351, 0.1018378958106041, 0.10513987392187119, 0.09096954762935638]","[0.9561061859130859, 0.9457358121871948, 0.9472619891166687, 0.9455057382583618, 0.953027606010437]",2.0568103790283203,0.027275962755084038,163.0,1
PatientID_0254,TP1,TP2,TP4,1,1,0.07637050002813339,0.9609966278076172,43.32299041748047,285.40179443359375,0.0001171356052509509,"[0.08868532627820969, 0.08632339537143707, 0.08956616371870041, 0.08886890113353729, 0.08647386729717255]","[0.9543516635894775, 0.9555668830871582, 0.9538094997406006, 0.9541630744934082, 0.955490231513977]",1.3401564359664917,0.050516434013843536,416.0,1
PatientID_0254,TP1,TP3,TP4,1,2,0.07871638238430023,0.9597179889678955,43.983333587646484,343.2005615234375,0.0006035882979631424,"[0.09291073679924011, 0.08839014172554016, 0.0920129269361496, 0.10241648554801941, 0.08767591416835785]","[0.952050507068634, 0.9544512033462524, 0.952495813369751, 0.946978747844696, 0.9548367857933044]",1.2824245691299438,0.05889158323407173,372.0,1
PatientID_0254,TP1,TP4,TP4,1,3,0.09840842336416245,0.9491407871246338,49.178096771240234,501.4098205566406,0.008168215863406658,"[0.11573778092861176, 0.11459868401288986, 0.10669384896755219, 0.16526171565055847, 0.09176221489906311]","[0.9398664236068726, 0.9404913187026978, 0.9447214603424072, 0.9139382839202881, 0.9526324272155762]",0.9085026979446411,0.1085120216012001,364.0,1
