patient,start,end,window_end,primary_survival_window,horizon,latent_mse,cosine_similarity,member_latent_mse,member_cosine_similarity,latent_disagreement,survival_probability_std,risk,survival365,survival_time,event
PatientID_0014,TP1,TP2,TP4,1,1,0.10865060985088348,0.9435887336730957,[0.10865060985088348],[0.9435887336730957],0.0,0.0,-0.6738567352294922,0.34804797172546387,485.0,1
PatientID_0014,TP1,TP3,TP4,1,2,0.09327925741672516,0.9517797231674194,[0.09327925741672516],[0.9517797231674194],0.0,0.0,0.011852957308292389,0.23334430158138275,365.0,1
PatientID_0014,TP1,TP4,TP4,1,3,0.13082170486450195,0.9319126605987549,[0.13082170486450195],[0.9319126605987549],0.0,0.0,0.4435233473777771,0.18629959225654602,295.0,1
PatientID_0014,TP2,TP3,TP5,0,1,0.08269548416137695,0.957412600517273,[0.08269548416137695],[0.957412600517273],0.0,0.0,0.24109724164009094,0.19747060537338257,365.0,1
PatientID_0014,TP2,TP4,TP5,0,2,0.1150122880935669,0.9402525424957275,[0.1150122880935669],[0.9402525424957275],0.0,0.0,0.6026147603988647,0.16589200496673584,295.0,1
PatientID_0014,TP2,TP5,TP5,0,3,0.1248713955283165,0.9350605010986328,[0.1248713955283165],[0.9350605010986328],0.0,0.0,0.8372015953063965,0.152615025639534,260.0,1
PatientID_0014,TP3,TP4,TP6,0,1,0.09648998826742172,0.9500751495361328,[0.09648998826742172],[0.9500751495361328],0.0,0.0,0.3604581952095032,0.18396684527397156,295.0,1
PatientID_0014,TP3,TP5,TP6,0,2,0.0973513275384903,0.9496111273765564,[0.0973513275384903],[0.9496111273765564],0.0,0.0,0.6270478963851929,0.1626071035861969,260.0,1
PatientID_0014,TP3,TP6,TP6,0,3,0.14921934902668,0.9221028089523315,[0.14921934902668],[0.9221028089523315],0.0,0.0,1.0698519945144653,0.14348052442073822,169.0,1
PatientID_0021,TP2,TP3,TP5,1,1,0.09259491413831711,0.9521113038063049,[0.09259491413831711],[0.9521113038063049],0.0,0.0,0.7677521109580994,0.1615394800901413,281.0,0
PatientID_0021,TP2,TP4,TP5,1,2,0.1041889488697052,0.9459229707717896,[0.1041889488697052],[0.9459229707717896],0.0,0.0,0.879462480545044,0.15381626784801483,189.0,0
PatientID_0021,TP2,TP5,TP5,1,3,0.1178467720746994,0.9386695623397827,[0.1178467720746994],[0.9386695623397827],0.0,0.0,1.1010526418685913,0.14481297135353088,126.0,0
PatientID_0053,TP1,TP3,TP5,1,1,0.3042556941509247,0.842886209487915,[0.3042556941509247],[0.842886209487915],0.0,0.0,-1.2504777908325195,0.5807205438613892,321.0,0
PatientID_0053,TP1,TP4,TP5,1,2,0.29029470682144165,0.8503633737564087,[0.29029470682144165],[0.8503633737564087],0.0,0.0,-1.2614482641220093,0.5760603547096252,160.0,0
PatientID_0053,TP1,TP5,TP5,1,3,0.3055770993232727,0.8426802158355713,[0.3055770993232727],[0.8426802158355713],0.0,0.0,-1.2659462690353394,0.5745507478713989,91.0,0
PatientID_0065,TP1,TP2,TP4,1,1,0.07824055850505829,0.959784984588623,[0.07824055850505829],[0.959784984588623],0.0,0.0,0.6470732688903809,0.16112959384918213,271.0,1
PatientID_0065,TP1,TP3,TP4,1,2,0.1008421778678894,0.9478012919425964,[0.1008421778678894],[0.9478012919425964],0.0,0.0,1.0894275903701782,0.14560799300670624,208.0,1
PatientID_0065,TP1,TP4,TP4,1,3,0.10306476056575775,0.9466526508331299,[0.10306476056575775],[0.9466526508331299],0.0,0.0,1.1584364175796509,0.15186510980129242,128.0,1
PatientID_0065,TP2,TP3,TP5,0,1,0.08513684570789337,0.9561187624931335,[0.08513684570789337],[0.9561187624931335],0.0,0.0,0.9906738996505737,0.1461397111415863,208.0,1
PatientID_0065,TP2,TP4,TP5,0,2,0.08401809632778168,0.9567263722419739,[0.08401809632778168],[0.9567263722419739],0.0,0.0,0.9930425882339478,0.14650216698646545,128.0,1
PatientID_0065,TP2,TP5,TP5,0,3,0.118499755859375,0.9384628534317017,[0.118499755859375],[0.9384628534317017],0.0,0.0,1.1479264497756958,0.1456763744354248,1.0,1
PatientID_0074,TP1,TP2,TP4,1,1,0.11337441205978394,0.9409991502761841,[0.11337441205978394],[0.9409991502761841],0.0,0.0,-0.22056537866592407,0.26055365800857544,573.0,1
PatientID_0074,TP1,TP3,TP4,1,2,0.11959993094205856,0.9376922845840454,[0.11959993094205856],[0.9376922845840454],0.0,0.0,-0.1657266914844513,0.26015639305114746,490.0,1
PatientID_0074,TP1,TP4,TP4,1,3,0.11116264760494232,0.9422172904014587,[0.11116264760494232],[0.9422172904014587],0.0,0.0,0.38510704040527344,0.1899518221616745,344.0,1
PatientID_0074,TP2,TP3,TP5,0,1,0.11127494275569916,0.9421310424804688,[0.11127494275569916],[0.9421310424804688],0.0,0.0,0.3649539649486542,0.1895967423915863,490.0,1
PatientID_0074,TP2,TP4,TP5,0,2,0.10508694499731064,0.9454531669616699,[0.10508694499731064],[0.9454531669616699],0.0,0.0,0.8955792784690857,0.14989174902439117,344.0,1
PatientID_0074,TP2,TP5,TP5,0,3,0.13124623894691467,0.9315564036369324,[0.13124623894691467],[0.9315564036369324],0.0,0.0,1.1098206043243408,0.143802672624588,104.0,1
PatientID_0074,TP3,TP4,TP6,0,1,0.10092991590499878,0.947674036026001,[0.10092991590499878],[0.947674036026001],0.0,0.0,-1.2740356922149658,0.5258294939994812,344.0,1
PatientID_0074,TP3,TP5,TP6,0,2,0.13209891319274902,0.9311017990112305,[0.13209891319274902],[0.9311017990112305],0.0,0.0,-1.0585089921951294,0.45083338022232056,104.0,1
PatientID_0074,TP3,TP6,TP6,0,3,0.1268690824508667,0.9339261651039124,[0.1268690824508667],[0.9339261651039124],0.0,0.0,-0.9338347911834717,0.41790837049484253,1.0,1
PatientID_0083,TP1,TP2,TP4,1,1,0.3678276240825653,0.8056092858314514,[0.3678276240825653],[0.8056092858314514],0.0,0.0,0.9371587038040161,0.15070100128650665,516.0,1
PatientID_0083,TP1,TP3,TP4,1,2,0.43819424510002136,0.7688273191452026,[0.43819424510002136],[0.7688273191452026],0.0,0.0,1.1079202890396118,0.1454915851354599,478.0,1
PatientID_0083,TP1,TP4,TP4,1,3,0.14334022998809814,0.9252134561538696,[0.14334022998809814],[0.9252134561538696],0.0,0.0,1.1028472185134888,0.14552325010299683,398.0,1
PatientID_0083,TP2,TP3,TP5,0,1,0.3444528579711914,0.8170264363288879,[0.3444528579711914],[0.8170264363288879],0.0,0.0,-1.2538247108459473,0.5679519176483154,478.0,1
PatientID_0083,TP2,TP4,TP5,0,2,0.12098794430494308,0.9369912147521973,[0.12098794430494308],[0.9369912147521973],0.0,0.0,-1.2399156093597412,0.5737642049789429,398.0,1
PatientID_0083,TP2,TP5,TP5,0,3,0.3054881691932678,0.8389674425125122,[0.3054881691932678],[0.8389674425125122],0.0,0.0,-1.251134991645813,0.5666775107383728,384.0,1
PatientID_0083,TP3,TP4,TP6,0,1,0.3495327830314636,0.8179751634597778,[0.3495327830314636],[0.8179751634597778],0.0,0.0,-1.2216066122055054,0.5848507285118103,398.0,1
PatientID_0083,TP3,TP5,TP6,0,2,0.2033083736896515,0.8946535587310791,[0.2033083736896515],[0.8946535587310791],0.0,0.0,-1.2225852012634277,0.5855218768119812,384.0,1
PatientID_0083,TP3,TP6,TP6,0,3,0.28548765182495117,0.8528218269348145,[0.28548765182495117],[0.8528218269348145],0.0,0.0,-1.206976056098938,0.5880767703056335,366.0,1
PatientID_0095,TP1,TP2,TP4,1,1,0.10449417680501938,0.9457967877388,[0.10449417680501938],[0.9457967877388],0.0,0.0,0.47539782524108887,0.1839335411787033,401.0,1
PatientID_0095,TP1,TP3,TP4,1,2,0.08720406144857407,0.9550248384475708,[0.08720406144857407],[0.9550248384475708],0.0,0.0,0.923087477684021,0.14906847476959229,394.0,1
PatientID_0095,TP1,TP4,TP4,1,3,0.09686589241027832,0.9498898983001709,[0.09686589241027832],[0.9498898983001709],0.0,0.0,1.0850669145584106,0.14327460527420044,284.0,1
PatientID_0095,TP2,TP3,TP6,0,1,0.08765101432800293,0.9547878503799438,[0.08765101432800293],[0.9547878503799438],0.0,0.0,1.1399352550506592,0.14516393840312958,394.0,1
PatientID_0095,TP2,TP4,TP6,0,2,0.1047513484954834,0.945716142654419,[0.1047513484954834],[0.945716142654419],0.0,0.0,1.165546178817749,0.1516350507736206,284.0,1
PatientID_0095,TP2,TP6,TP6,0,3,0.131821870803833,0.9314587116241455,[0.131821870803833],[0.9314587116241455],0.0,0.0,1.1583021879196167,0.15907785296440125,163.0,1
PatientID_0254,TP1,TP2,TP4,1,1,0.09757165610790253,0.9495452642440796,[0.09757165610790253],[0.9495452642440796],0.0,0.0,0.7623795866966248,0.16043232381343842,416.0,1
PatientID_0254,TP1,TP3,TP4,1,2,0.1122983917593956,0.9417256116867065,[0.1122983917593956],[0.9417256116867065],0.0,0.0,1.0487054586410522,0.14572946727275848,372.0,1
PatientID_0254,TP1,TP4,TP4,1,3,0.1372455209493637,0.9285630583763123,[0.1372455209493637],[0.9285630583763123],0.0,0.0,1.1492983102798462,0.1463845819234848,364.0,1
