patient,start,end,horizon,latent_mse,cosine_similarity,uncertainty,risk,survival365,survival_time,event
PatientID_0014,TP1,TP2,1,0.1362908035516739,0.9286145567893982,0.0,-0.021683230996131897,0.21104665100574493,485.0,1
PatientID_0014,TP1,TP3,2,0.12131929397583008,0.9367693662643433,0.0,-0.022888638079166412,0.21117106080055237,365.0,1
PatientID_0014,TP1,TP4,3,0.18548068404197693,0.9020959138870239,0.0,-0.026295222342014313,0.21170476078987122,295.0,1
PatientID_0014,TP2,TP3,1,0.08418929576873779,0.9571840763092041,0.0,-0.00914796069264412,0.20896518230438232,365.0,1
PatientID_0014,TP2,TP4,2,0.09811447560787201,0.949524998664856,0.0,-0.01120803877711296,0.2092130035161972,295.0,1
PatientID_0014,TP2,TP5,3,0.09283825010061264,0.9524075984954834,0.0,-0.0124969482421875,0.20938226580619812,260.0,1
PatientID_0014,TP3,TP4,1,0.09692888706922531,0.9501919150352478,0.0,-0.008483603596687317,0.20841087400913239,295.0,1
PatientID_0014,TP3,TP5,2,0.0914570689201355,0.9531750679016113,0.0,-0.01025334745645523,0.20860596001148224,260.0,1
PatientID_0014,TP3,TP6,3,0.1279357522726059,0.9331527948379517,0.0,0.1561681628227234,0.19296090304851532,169.0,1
PatientID_0021,TP2,TP3,1,0.10712301731109619,0.9443026781082153,0.0,0.1958007663488388,0.19040092825889587,281.0,0
PatientID_0021,TP2,TP4,2,0.11423711478710175,0.940466046333313,0.0,0.18244202435016632,0.19115975499153137,189.0,0
PatientID_0021,TP2,TP5,3,0.1185765266418457,0.9381484389305115,0.0,0.17355024814605713,0.19175592064857483,126.0,0
PatientID_0053,TP1,TP3,1,0.2844468057155609,0.8505041599273682,0.0,-0.1775842159986496,0.22907456755638123,321.0,0
PatientID_0053,TP1,TP4,2,0.2534945011138916,0.8672815561294556,0.0,-0.15985263884067535,0.22634661197662354,160.0,0
PatientID_0053,TP1,TP5,3,0.26118433475494385,0.8633619546890259,0.0,-0.16344979405403137,0.2269301414489746,91.0,0
PatientID_0065,TP1,TP2,1,0.08525439351797104,0.9563992619514465,0.0,-0.0286528542637825,0.21029213070869446,271.0,1
PatientID_0065,TP1,TP3,2,0.08647014945745468,0.9555102586746216,0.0,-0.006735023111104965,0.20745407044887543,208.0,1
PatientID_0065,TP1,TP4,3,0.08565378189086914,0.95585697889328,0.0,0.008721869438886642,0.20571467280387878,128.0,1
PatientID_0065,TP2,TP3,1,0.0849418044090271,0.9563528299331665,0.0,-0.006589338183403015,0.2078075259923935,208.0,1
PatientID_0065,TP2,TP4,2,0.08322089165449142,0.9571716785430908,0.0,0.01431623101234436,0.20539170503616333,128.0,1
PatientID_0065,TP2,TP5,3,0.09772585332393646,0.949378490447998,0.0,0.02913052588701248,0.2038334608078003,1.0,1
PatientID_0074,TP1,TP2,1,0.1209685206413269,0.9369407892227173,0.0,0.020314320921897888,0.20370562374591827,573.0,1
PatientID_0074,TP1,TP3,2,0.12167578190565109,0.936607837677002,0.0,0.046531155705451965,0.20121489465236664,490.0,1
PatientID_0074,TP1,TP4,3,0.1264100968837738,0.934141993522644,0.0,0.05767546594142914,0.200291708111763,344.0,1
PatientID_0074,TP2,TP3,1,0.11355509608983994,0.9409000277519226,0.0,0.03742898255586624,0.2020803987979889,490.0,1
PatientID_0074,TP2,TP4,2,0.11703616380691528,0.9390769004821777,0.0,0.06060047447681427,0.20003642141819,344.0,1
PatientID_0074,TP2,TP5,3,0.1281149685382843,0.9332297444343567,0.0,0.07190275192260742,0.19917485117912292,104.0,1
PatientID_0074,TP3,TP4,1,0.1127348393201828,0.9413390159606934,0.0,0.04592296481132507,0.20140375196933746,344.0,1
PatientID_0074,TP3,TP5,2,0.12383067607879639,0.9354778528213501,0.0,0.06764566153287888,0.1995602697134018,104.0,1
PatientID_0074,TP3,TP6,3,0.11543838679790497,0.9399564862251282,0.0,0.07783354818820953,0.19880738854408264,1.0,1
PatientID_0083,TP1,TP2,1,0.3808838725090027,0.7968369722366333,0.0,-0.0018649697303771973,0.20646069943904877,516.0,1
PatientID_0083,TP1,TP3,2,0.36352938413619995,0.807649552822113,0.0,0.061017222702503204,0.199920654296875,478.0,1
PatientID_0083,TP1,TP4,3,0.1299261748790741,0.9321582317352295,0.0,0.07614041864871979,0.19862070679664612,398.0,1
PatientID_0083,TP2,TP3,1,0.269855260848999,0.8577399849891663,0.0,0.09017202258110046,0.20023369789123535,478.0,1
PatientID_0083,TP2,TP4,2,0.1958429217338562,0.8975843191146851,0.0,0.0917828232049942,0.19997747242450714,398.0,1
PatientID_0083,TP2,TP5,3,0.19529835879802704,0.8978426456451416,0.0,0.0809507966041565,0.20105083286762238,384.0,1
PatientID_0083,TP3,TP4,1,0.35095807909965515,0.8189818859100342,0.0,0.09318307042121887,0.20001092553138733,398.0,1
PatientID_0083,TP3,TP5,2,0.20005236566066742,0.8966923356056213,0.0,0.07685831934213638,0.20147031545639038,384.0,1
PatientID_0083,TP3,TP6,3,0.23661629855632782,0.8786914348602295,0.0,0.16230109333992004,0.1957550048828125,366.0,1
PatientID_0095,TP1,TP2,1,0.10558577626943588,0.9451574683189392,0.0,-0.021404802799224854,0.20906059443950653,401.0,1
PatientID_0095,TP1,TP3,2,0.09842707961797714,0.9490048289299011,0.0,-0.0061814747750759125,0.20728836953639984,394.0,1
PatientID_0095,TP1,TP4,3,0.10910175740718842,0.9433369636535645,0.0,0.07975351065397263,0.19896432757377625,284.0,1
PatientID_0095,TP2,TP3,1,0.0913446769118309,0.9527937173843384,0.0,0.01805279776453972,0.20464541018009186,394.0,1
PatientID_0095,TP2,TP4,2,0.09893526881933212,0.948737382888794,0.0,0.064379021525383,0.2001938819885254,284.0,1
PatientID_0095,TP2,TP6,3,0.09930974245071411,0.9485363960266113,0.0,0.07254855334758759,0.19949354231357574,163.0,1
PatientID_0254,TP1,TP2,1,0.09762822091579437,0.9494709372520447,0.0,-0.029039405286312103,0.2094392478466034,416.0,1
PatientID_0254,TP1,TP3,2,0.10312676429748535,0.9465304613113403,0.0,-0.020844928920269012,0.20846609771251678,372.0,1
PatientID_0254,TP1,TP4,3,0.10172992944717407,0.9472798109054565,0.0,0.023067466914653778,0.20382677018642426,364.0,1
