patient,start,end,window_end,primary_survival_window,horizon,latent_mse,cosine_similarity,latent_disagreement,survival_probability_std,risk,survival365,survival_time,event
PatientID_0014,TP1,TP2,TP4,1,1,0.13273869454860687,0.9305408596992493,0.0,0.0,-1.5230457782745361,0.13489258289337158,485.0,1
PatientID_0014,TP1,TP3,TP4,1,2,0.12413108348846436,0.9352194666862488,0.0,0.0,0.014136947691440582,0.0449589267373085,365.0,1
PatientID_0014,TP1,TP4,TP4,1,3,0.1280290186405182,0.9331076741218567,0.0,0.0,-0.7585161328315735,0.07454820722341537,295.0,1
PatientID_0014,TP2,TP3,TP5,0,1,0.12542860209941864,0.9345147609710693,0.0,0.0,1.2435879707336426,0.02700222283601761,365.0,1
PatientID_0014,TP2,TP4,TP5,0,2,0.12813809514045715,0.9330489635467529,0.0,0.0,1.1117233037948608,0.026401454582810402,295.0,1
PatientID_0014,TP2,TP5,TP5,0,3,0.109149269759655,0.9433820843696594,0.0,0.0,1.1038447618484497,0.02625700645148754,260.0,1
PatientID_0014,TP3,TP4,TP6,0,1,0.1267247200012207,0.9338151216506958,0.0,0.0,1.1954538822174072,0.02623932994902134,295.0,1
PatientID_0014,TP3,TP5,TP6,0,2,0.10909595340490341,0.9434078931808472,0.0,0.0,1.2056750059127808,0.02591998502612114,260.0,1
PatientID_0014,TP3,TP6,TP6,0,3,0.15806584060192108,0.9167457222938538,0.0,0.0,1.1375969648361206,0.025319064036011696,169.0,1
PatientID_0021,TP2,TP3,TP5,1,1,0.1394597589969635,0.9268035888671875,0.0,0.0,1.3160532712936401,0.025259993970394135,281.0,0
PatientID_0021,TP2,TP4,TP5,1,2,0.14632117748260498,0.9230806231498718,0.0,0.0,1.3331475257873535,0.025300178676843643,189.0,0
PatientID_0021,TP2,TP5,TP5,1,3,0.14159466326236725,0.9256705641746521,0.0,0.0,1.5239484310150146,0.02959710918366909,126.0,0
PatientID_0053,TP1,TP3,TP5,1,1,0.3179447054862976,0.8335905075073242,0.0,0.0,-0.1459047794342041,0.047117069363594055,321.0,0
PatientID_0053,TP1,TP4,TP5,1,2,0.2912401854991913,0.8476994037628174,0.0,0.0,0.1118699237704277,0.04080439358949661,160.0,0
PatientID_0053,TP1,TP5,TP5,1,3,0.2821384370326996,0.8522766828536987,0.0,0.0,-0.9271480441093445,0.07997992634773254,91.0,0
PatientID_0065,TP1,TP2,TP4,1,1,0.10167676210403442,0.9474470615386963,0.0,0.0,0.8868646621704102,0.027879061177372932,271.0,1
PatientID_0065,TP1,TP3,TP4,1,2,0.12028704583644867,0.9373307824134827,0.0,0.0,1.4051573276519775,0.02652028575539589,208.0,1
PatientID_0065,TP1,TP4,TP4,1,3,0.10334335267543793,0.9466055035591125,0.0,0.0,1.149067759513855,0.025449255481362343,128.0,1
PatientID_0065,TP2,TP3,TP5,0,1,0.11898212134838104,0.9380394220352173,0.0,0.0,1.424246907234192,0.026505647227168083,208.0,1
PatientID_0065,TP2,TP4,TP5,0,2,0.10289978235960007,0.946847677230835,0.0,0.0,1.1042064428329468,0.02580326795578003,128.0,1
PatientID_0065,TP2,TP5,TP5,0,3,0.11818365752696991,0.9384554624557495,0.0,0.0,1.4434174299240112,0.026607144623994827,1.0,1
PatientID_0074,TP1,TP2,TP4,1,1,0.1418222188949585,0.9255205988883972,0.0,0.0,-2.1023566722869873,0.23051850497722626,573.0,1
PatientID_0074,TP1,TP3,TP4,1,2,0.15197817981243134,0.9199991226196289,0.0,0.0,-0.47236794233322144,0.07433880865573883,490.0,1
PatientID_0074,TP1,TP4,TP4,1,3,0.14721277356147766,0.9226230382919312,0.0,0.0,1.2016112804412842,0.027649879455566406,344.0,1
PatientID_0074,TP2,TP3,TP5,0,1,0.1478959172964096,0.9222172498703003,0.0,0.0,-2.2093446254730225,0.2659870386123657,490.0,1
PatientID_0074,TP2,TP4,TP5,0,2,0.14681962132453918,0.922836422920227,0.0,0.0,1.0908833742141724,0.03016943484544754,344.0,1
PatientID_0074,TP2,TP5,TP5,0,3,0.15984702110290527,0.9158041477203369,0.0,0.0,1.2996879816055298,0.028136370703577995,104.0,1
PatientID_0074,TP3,TP4,TP6,0,1,0.14759749174118042,0.9224154949188232,0.0,0.0,-2.5375828742980957,0.452563613653183,344.0,1
PatientID_0074,TP3,TP5,TP6,0,2,0.15978550910949707,0.9158281683921814,0.0,0.0,-0.048207588493824005,0.08349791169166565,104.0,1
PatientID_0074,TP3,TP6,TP6,0,3,0.12576942145824432,0.9342874884605408,0.0,0.0,-2.0251758098602295,0.37504515051841736,1.0,1
PatientID_0083,TP1,TP2,TP4,1,1,0.39283937215805054,0.7886505126953125,0.0,0.0,1.394994854927063,0.025855135172605515,516.0,1
PatientID_0083,TP1,TP3,TP4,1,2,0.39102810621261597,0.7898993492126465,0.0,0.0,1.4447658061981201,0.026434309780597687,478.0,1
PatientID_0083,TP1,TP4,TP4,1,3,0.14412538707256317,0.9242857098579407,0.0,0.0,1.3141378164291382,0.024991240352392197,398.0,1
PatientID_0083,TP2,TP3,TP5,0,1,0.3214751183986664,0.8260728120803833,0.0,0.0,-3.103375196456909,0.815906286239624,478.0,1
PatientID_0083,TP2,TP4,TP5,0,2,0.21219810843467712,0.8872557282447815,0.0,0.0,-3.0329627990722656,0.8182600140571594,398.0,1
PatientID_0083,TP2,TP5,TP5,0,3,0.2536625266075134,0.8652694821357727,0.0,0.0,-2.770127058029175,0.7511956691741943,384.0,1
PatientID_0083,TP3,TP4,TP6,0,1,0.36430615186691284,0.808830738067627,0.0,0.0,-3.0856873989105225,0.7489046454429626,398.0,1
PatientID_0083,TP3,TP5,TP6,0,2,0.21455737948417664,0.8879464268684387,0.0,0.0,-2.912440299987793,0.6852278709411621,384.0,1
PatientID_0083,TP3,TP6,TP6,0,3,0.21817004680633545,0.8861082196235657,0.0,0.0,-2.182509422302246,0.47682443261146545,366.0,1
PatientID_0095,TP1,TP2,TP4,1,1,0.12517812848091125,0.9346222281455994,0.0,0.0,0.100167416036129,0.04490155354142189,401.0,1
PatientID_0095,TP1,TP3,TP4,1,2,0.11587648838758469,0.9397180080413818,0.0,0.0,1.2624287605285645,0.02551002986729145,394.0,1
PatientID_0095,TP1,TP4,TP4,1,3,0.12182897329330444,0.9364984631538391,0.0,0.0,1.201905369758606,0.02585430070757866,284.0,1
PatientID_0095,TP2,TP3,TP6,0,1,0.11773510277271271,0.9387068748474121,0.0,0.0,1.433386206626892,0.02647116780281067,394.0,1
PatientID_0095,TP2,TP4,TP6,0,2,0.12194734811782837,0.9364364743232727,0.0,0.0,1.4527944326400757,0.026366256177425385,284.0,1
PatientID_0095,TP2,TP6,TP6,0,3,0.1391238272190094,0.9271131157875061,0.0,0.0,1.5032659769058228,0.02832663245499134,163.0,1
PatientID_0254,TP1,TP2,TP4,1,1,0.13253983855247498,0.9307214617729187,0.0,0.0,1.3235112428665161,0.025127338245511055,416.0,1
PatientID_0254,TP1,TP3,TP4,1,2,0.13147175312042236,0.9312875270843506,0.0,0.0,1.3363503217697144,0.02507905289530754,372.0,1
PatientID_0254,TP1,TP4,TP4,1,3,0.13400959968566895,0.9299246072769165,0.0,0.0,1.3959227800369263,0.025522878393530846,364.0,1
