variant,patient,survival_time,event,p_t_gt_365,ipcw_brier_weighted_error,ipcw_brier_contribution
A,PatientID_0014,295,1,0.803162693977,1.38652247875,0.173315309844
A,PatientID_0021,126,0,0.0308217741549,0,0
A,PatientID_0053,91,0,0.489232361317,0,0
A,PatientID_0065,128,1,0.0325435698032,0.00128307410122,0.000160384262652
A,PatientID_0074,344,1,0.0392963923514,0.00331913733149,0.000414892166436
A,PatientID_0083,398,1,0.03423191607,2.00477462825,0.250596828531
A,PatientID_0095,284,1,0.0335849076509,0.00212136905445,0.000265171131807
A,PatientID_0254,364,1,0.0386899784207,0.00321748724816,0.000402185906021
B,PatientID_0014,295,1,0.0745482072234,0.0119452231394,0.00149315289242
B,PatientID_0021,126,0,0.0295971091837,0,0
B,PatientID_0053,91,0,0.0799799263477,0,0
B,PatientID_0065,128,1,0.0254492554814,0.000784641946209,9.80802432761e-05
B,PatientID_0074,344,1,0.0276498794556,0.00164326022717,0.000205407528396
B,PatientID_0083,398,1,0.0249912403524,2.04332239221,0.255415299026
B,PatientID_0095,284,1,0.0258543007076,0.00125716853805,0.000157146067257
B,PatientID_0254,364,1,0.0255228783935,0.00140016482095,0.000175020602618
C,PatientID_0014,295,1,0.811722159386,1.41623284884,0.177029106105
C,PatientID_0021,126,0,0.0082609243691,0,0
C,PatientID_0053,91,0,0.720130801201,0,0
C,PatientID_0065,128,1,0.00962382368743,0.00011220615335,1.40257691688e-05
C,PatientID_0074,344,1,0.0261299908161,0.00146756847322,0.000183446059152
C,PatientID_0083,398,1,0.00789673160762,2.11560030089,0.264450037611
C,PatientID_0095,284,1,0.0219532549381,0.000906412224229,0.000113301528029
C,PatientID_0254,364,1,0.0163703374565,0.000576016764465,7.20020955581e-05
D,PatientID_0014,295,1,0.529663026333,0.603002585963,0.0753753232453
D,PatientID_0021,126,0,0.0199764855206,0,0
D,PatientID_0053,91,0,0.365923255682,0,0
D,PatientID_0065,128,1,0.0198730062693,0.000478463152417,5.98078940521e-05
D,PatientID_0074,344,1,0.0221847146749,0.00105785843743,0.000132232304679
D,PatientID_0083,398,1,0.0201346352696,2.0637290296,0.2579661287
D,PatientID_0095,284,1,0.0266906395555,0.0013398182007,0.000167477275087
D,PatientID_0254,364,1,0.0211034920067,0.000957256905024,0.000119657113128
