earlier_patient,earlier_time,later_patient,later_time,A_earlier_risk,A_later_risk,A_concordant,B_earlier_risk,B_later_risk,B_concordant,C_earlier_risk,C_later_risk,C_concordant,D_earlier_risk,D_later_risk,D_concordant,A_to_B_change
PatientID_0065,128,PatientID_0095,284,1.00790286064,0.806954503059,1,1.14906775951,1.20190536976,0,0.908805847168,-0.0718220472336,1,1.68552958965,1.10028147697,1,loss
PatientID_0065,128,PatientID_0014,295,1.00790286064,-2.86438727379,1,1.14906775951,-0.758516132832,1,0.908805847168,-3.3589246273,1,1.68552958965,-2.72613048553,1,same
PatientID_0065,128,PatientID_0074,344,1.00790286064,0.507192671299,1,1.14906775951,1.20161128044,0,0.908805847168,-0.335973441601,1,1.68552958965,1.3220846653,1,loss
PatientID_0065,128,PatientID_0254,364,1.00790286064,0.508263766766,1,1.14906775951,1.39592278004,0,0.908805847168,0.240393146873,1,1.68552958965,1.43460512161,1,loss
PatientID_0065,128,PatientID_0083,398,1.00790286064,1.32348167896,0,1.14906775951,1.31413781643,0,0.908805847168,1.47856366634,0,1.68552958965,1.70818984509,0,same
PatientID_0095,284,PatientID_0014,295,0.806954503059,-2.86438727379,1,1.20190536976,-0.758516132832,1,-0.0718220472336,-3.3589246273,1,1.10028147697,-2.72613048553,1,same
PatientID_0095,284,PatientID_0074,344,0.806954503059,0.507192671299,1,1.20190536976,1.20161128044,1,-0.0718220472336,-0.335973441601,1,1.10028147697,1.3220846653,0,same
PatientID_0095,284,PatientID_0254,364,0.806954503059,0.508263766766,1,1.20190536976,1.39592278004,0,-0.0718220472336,0.240393146873,0,1.10028147697,1.43460512161,0,loss
PatientID_0095,284,PatientID_0083,398,0.806954503059,1.32348167896,0,1.20190536976,1.31413781643,0,-0.0718220472336,1.47856366634,0,1.10028147697,1.70818984509,0,same
PatientID_0014,295,PatientID_0074,344,-2.86438727379,0.507192671299,0,-0.758516132832,1.20161128044,0,-3.3589246273,-0.335973441601,0,-2.72613048553,1.3220846653,0,same
PatientID_0014,295,PatientID_0254,364,-2.86438727379,0.508263766766,0,-0.758516132832,1.39592278004,0,-3.3589246273,0.240393146873,0,-2.72613048553,1.43460512161,0,same
PatientID_0014,295,PatientID_0083,398,-2.86438727379,1.32348167896,0,-0.758516132832,1.31413781643,0,-3.3589246273,1.47856366634,0,-2.72613048553,1.70818984509,0,same
PatientID_0074,344,PatientID_0254,364,0.507192671299,0.508263766766,0,1.20161128044,1.39592278004,0,-0.335973441601,0.240393146873,0,1.3220846653,1.43460512161,0,same
PatientID_0074,344,PatientID_0083,398,0.507192671299,1.32348167896,0,1.20161128044,1.31413781643,0,-0.335973441601,1.47856366634,0,1.3220846653,1.70818984509,0,same
PatientID_0254,364,PatientID_0083,398,0.508263766766,1.32348167896,0,1.39592278004,1.31413781643,1,0.240393146873,1.47856366634,0,1.43460512161,1.70818984509,0,gain
