relative_path,size_bytes,mtime_utc,sha256
primary/A_seed42/best_val_cindex.pt,89696209,2026-09-29T08:19:47.389424+00:00,8281b4180a5f6850b13f8d8828a41af33f10665e6d37ac91b96c4196fe480247
primary/A_seed42/best_val_loss.pt,89695311,2026-09-29T08:41:37.265759+00:00,2d97a0bb31d47dc33aa64004468b54ce48dceaf8d412a849f98b7d62ab294e63
primary/A_seed42/config.yaml,1773,2026-09-29T08:10:03.420094+00:00,1bcbee1652bd0e83725befc82ab3503cb308cfb2d0fde1a4995f56c040a3d16d
primary/A_seed42/evaluate.log,5200,2026-09-29T09:39:47.899335+00:00,3509f7d6b00262b71f07a75be5f979e8e8fdd4ccee48056de6f3c29218318965
primary/A_seed42/history.csv,20765,2026-09-29T09:39:07.815022+00:00,96c73e56d735a519257f7fe47fed2f973f1a1afcf6f9aa2ee49f52b85ce00521
primary/A_seed42/metrics.json,2096,2026-09-29T09:39:47.277346+00:00,80a71f362133c912a34fa8c1f7738f985a459d8622fdb77087ea1d64301234a5
primary/A_seed42/recursive_predictions.csv,6213,2026-09-29T09:39:47.266346+00:00,ff434c5d71c6698175a2f389d4a7ab089ea0cf56576645fc96b873fc1fc1a7ba
primary/A_seed42/train.log,45992,2026-09-29T09:39:07.815022+00:00,55cc1c2cbfe852b786b26a51ac7ce9318f9ad9dc7a8bf06cf4a611716d38640c
primary/B_seed42/best_val_cindex.pt,89696209,2026-09-29T08:28:54.549687+00:00,741e98644dc98b170182c125f2c11a3cd9ef766adab9863684011788b6e59fa9
primary/B_seed42/best_val_loss.pt,89695311,2026-09-29T09:06:20.989946+00:00,26f03af2e2d74291f761ca1f6b1f084dc92da3da7893fc7dfd10389873a17f44
primary/B_seed42/config.yaml,1778,2026-09-29T08:10:03.617092+00:00,50b32866582d1d72dae357b641f2e52663f1bb665702f101291e0affd603a77b
primary/B_seed42/evaluate.log,5172,2026-09-29T10:48:08.215804+00:00,6f80debc6b9b7524a9cecda6551ce715d5b70596ee4f9a15abbe98b1b3957ac4
primary/B_seed42/history.csv,20679,2026-09-29T10:47:29.469301+00:00,6a4321eef1cd93d6093e5150e5401a23b3c3c524b31b938bd291fc312c20b8f6
primary/B_seed42/metrics.json,2081,2026-09-29T10:48:07.643811+00:00,e73b43169457fa6a7570e7857839fb792ff84127d6da30148771ebea2466f000
primary/B_seed42/recursive_predictions.csv,6218,2026-09-29T10:48:07.634811+00:00,0443848e68548520fa5d58ac428f5d05b3455785bf180d006651e5c8ad9a698d
primary/B_seed42/train.log,45914,2026-09-29T10:47:29.470300+00:00,b4c3673e14696dbf1bd848cd2768ff377b4bfd85cc778c05b4a828114a749534
primary/C_seed42/best_val_cindex.pt,213173757,2026-09-29T08:21:56.273909+00:00,03cd5fd595c66a7661a0a676b6a30fe609b1ebe5cd3217a6c7f222bcd90db971
primary/C_seed42/best_val_loss.pt,213172631,2026-09-29T08:42:28.985078+00:00,2c195bd50e924b6959a154bfd03916804756d1c9671d59f92bfaf8ecce9e33d0
primary/C_seed42/config.yaml,1773,2026-09-29T08:10:04.204088+00:00,3da4705bc85bfecce674b2bb5d3c384ffb7ffaf7bff1a1823e25907d94167d5c
primary/C_seed42/evaluate.log,5667,2026-09-29T09:42:50.144237+00:00,b725e5fce3b77e8e7fcc88559ef0434d315abdec57788f09400ac975d70525de
primary/C_seed42/history.csv,20834,2026-09-29T09:42:13.288861+00:00,5c040aa64100378c00fcbbf7b18c679fa59aa3bcbdb5840dade45a51e807180a
primary/C_seed42/metrics.json,2723,2026-09-29T09:42:49.623245+00:00,28478ec8009cc3d6a837ee51dd865df022ee2c807e401569521523903f2659c0
primary/C_seed42/recursive_predictions.csv,7876,2026-09-29T09:42:49.610246+00:00,ed1ecabd9a883d3f5384e3ed23ccade53e9a54a6b9fbafa4541ef461a22fb2b3
primary/C_seed42/train.log,46406,2026-09-29T09:42:13.288861+00:00,4ff84a65055dc8f451f55312abc72dde44993023a36c97efb35c466891ccde79
primary/D_seed42/best_val_cindex.pt,213173821,2026-09-29T08:46:44.769693+00:00,54440dd61611cf7c0ec77c121a81dc47d824fd07653f4ec6b544137620a82ab2
primary/D_seed42/best_val_loss.pt,213172631,2026-09-29T09:03:21.228361+00:00,898b65dcb42b22a526c077b6e7d1d3710693416e2028996b268662fb90126ceb
primary/D_seed42/config.yaml,1778,2026-09-29T08:10:03.956090+00:00,8b438b7a893de6485e13736b93530dd2b599a978db31c214b87cb7164487d650
primary/D_seed42/evaluate.log,5847,2026-09-29T10:52:38.123483+00:00,973bd63536ba5d02b73fb17fc4122b9a56272b3a87976f1eb258a98b02f9f828
primary/D_seed42/history.csv,20744,2026-09-29T10:51:58.414384+00:00,750d82b995ca3027537ca42ec429c5ee38c5aea9b57793296bc91c70d8f3229b
primary/D_seed42/metrics.json,2743,2026-09-29T10:52:37.500497+00:00,3ccb05cb6e7f80a5cc8e8f72a2e63801eb09b1d98126ad171e505f1f4add14e6
primary/D_seed42/recursive_predictions.csv,7858,2026-09-29T10:52:37.491497+00:00,0e0d3a31876a3a5cb91765a0b94df0d3fac3a6173d73295d49c3cc0fede8507e
primary/D_seed42/train.log,45974,2026-09-29T10:51:58.415384+00:00,62ac81a950ae8351114c5574b3c20271c1338b560de99cb41bdf4298b35bfe27
summary.json,13640,2026-09-29T10:52:44.675337+00:00,ebbdf179a3491a6c95591025dd0fe9aea14f81ef8ff7004ba060ecb2a6384982
summary.md,2609,2026-09-29T11:10:08.269572+00:00,12450dde8b5571fbf323e3e1baf0d40e351b39f4545a68c0b577725e7e3e5e23
