variant,patient,start,end,survival_time,event,risk,p_t_gt_365,latent_mse,risk_rank_all8,ipcw_brier_weighted_error,ipcw_brier_contribution
A,PatientID_0014,TP1,TP4,295,1,-2.86438727379,0.803162693977,0.62205183506,8,1.38652247875,0.173315309844
A,PatientID_0021,TP2,TP5,126,0,1.19766283035,0.0308217741549,0.107642829418,2,0,0
A,PatientID_0053,TP1,TP5,91,0,-1.79849159718,0.489232361317,0.66581851244,7,0,0
A,PatientID_0065,TP1,TP4,128,1,1.00790286064,0.0325435698032,0.0728743746877,3,0.00128307410122,0.000160384262652
A,PatientID_0074,TP1,TP4,344,1,0.507192671299,0.0392963923514,0.119175121188,6,0.00331913733149,0.000414892166436
A,PatientID_0083,TP1,TP4,398,1,1.32348167896,0.03423191607,0.12730255723,1,2.00477462825,0.250596828531
A,PatientID_0095,TP1,TP4,284,1,0.806954503059,0.0335849076509,0.0872888565063,4,0.00212136905445,0.000265171131807
A,PatientID_0254,TP1,TP4,364,1,0.508263766766,0.0386899784207,0.0911261662841,5,0.00321748724816,0.000402185906021
B,PatientID_0014,TP1,TP4,295,1,-0.758516132832,0.0745482072234,0.128029018641,7,0.0119452231394,0.00149315289242
B,PatientID_0021,TP2,TP5,126,0,1.52394843102,0.0295971091837,0.141594663262,1,0,0
B,PatientID_0053,TP1,TP5,91,0,-0.927148044109,0.0799799263477,0.282138437033,8,0,0
B,PatientID_0065,TP1,TP4,128,1,1.14906775951,0.0254492554814,0.103343352675,6,0.000784641946209,9.80802432761e-05
B,PatientID_0074,TP1,TP4,344,1,1.20161128044,0.0276498794556,0.147212773561,5,0.00164326022717,0.000205407528396
B,PatientID_0083,TP1,TP4,398,1,1.31413781643,0.0249912403524,0.144125387073,3,2.04332239221,0.255415299026
B,PatientID_0095,TP1,TP4,284,1,1.20190536976,0.0258543007076,0.121828973293,4,0.00125716853805,0.000157146067257
B,PatientID_0254,TP1,TP4,364,1,1.39592278004,0.0255228783935,0.134009599686,2,0.00140016482095,0.000175020602618
C,PatientID_0014,TP1,TP4,295,1,-3.3589246273,0.811722159386,0.385881721973,8,1.41623284884,0.177029106105
C,PatientID_0021,TP2,TP5,126,0,1.37115550041,0.0082609243691,0.108921229839,2,0,0
C,PatientID_0053,TP1,TP5,91,0,-2.92414665222,0.720130801201,0.422049492598,7,0,0
C,PatientID_0065,TP1,TP4,128,1,0.908805847168,0.00962382368743,0.0676313042641,3,0.00011220615335,1.40257691688e-05
C,PatientID_0074,TP1,TP4,344,1,-0.335973441601,0.0261299908161,0.104872763157,6,0.00146756847322,0.000183446059152
C,PatientID_0083,TP1,TP4,398,1,1.47856366634,0.00789673160762,0.113502234221,1,2.11560030089,0.264450037611
C,PatientID_0095,TP1,TP4,284,1,-0.0718220472336,0.0219532549381,0.0910263583064,5,0.000906412224229,0.000113301528029
C,PatientID_0254,TP1,TP4,364,1,0.240393146873,0.0163703374565,0.0841856896877,4,0.000576016764465,7.20020955581e-05
D,PatientID_0014,TP1,TP4,295,1,-2.72613048553,0.529663026333,0.170458644629,8,0.603002585963,0.0753753232453
D,PatientID_0021,TP2,TP5,126,0,1.67499673367,0.0199764855206,0.158891424537,3,0,0
D,PatientID_0053,TP1,TP5,91,0,-2.2412917614,0.365923255682,0.300866305828,7,0,0
D,PatientID_0065,TP1,TP4,128,1,1.68552958965,0.0198730062693,0.153448730707,2,0.000478463152417,5.98078940521e-05
D,PatientID_0074,TP1,TP4,344,1,1.3220846653,0.0221847146749,0.160901725292,5,0.00105785843743,0.000132232304679
D,PatientID_0083,TP1,TP4,398,1,1.70818984509,0.0201346352696,0.169163167477,1,2.0637290296,0.2579661287
D,PatientID_0095,TP1,TP4,284,1,1.10028147697,0.0266906395555,0.170296818018,6,0.0013398182007,0.000167477275087
D,PatientID_0254,TP1,TP4,364,1,1.43460512161,0.0211034920067,0.168849349022,4,0.000957256905024,0.000119657113128
