seed,patient,horizon,B_patient_mean_mse,E_patient_mean_mse,mse_difference_E_minus_B,B_patient_mean_cosine,E_patient_mean_cosine,cosine_difference_E_minus_B,risk_difference_E_minus_B,survival365_difference_E_minus_B
42,PatientID_0014,1,0.13329560061295828,0.09355393797159195,-0.03974166264136633,0.9302365581194559,0.9515513777732849,0.021314819653828976,-0.31015467643737793,-0.026542246341705322
42,PatientID_0014,2,0.12089936931927998,0.08870973438024521,-0.032189634939034775,0.9370088775952657,0.9541289806365967,0.017120103041330936,-0.3793634697794914,0.003750935196876526
42,PatientID_0014,3,0.12685676912466684,0.10424435138702393,-0.022612417737642915,0.933744748433431,0.9458773930867513,0.012132644653320312,-2.149525821208954,0.1520291417837143
42,PatientID_0021,1,0.12774378061294556,0.10561908781528473,-0.022124692797660828,0.9331973195075989,0.9450793862342834,0.01188206672668457,-0.9303325712680817,0.027777284383773804
42,PatientID_0021,2,0.13228881359100342,0.14157044887542725,0.009281635284423828,0.9307279586791992,0.9259740710258484,-0.00475388765335083,-2.7282751500606537,0.40294383466243744
42,PatientID_0021,3,0.13730888068675995,0.23137566447257996,0.09406678378582001,0.9279962182044983,0.8798041939735413,-0.04819202423095703,-0.7135064601898193,0.015727557241916656
42,PatientID_0053,1,0.3156284689903259,0.3053073585033417,-0.010321110486984253,0.8365626335144043,0.8417030572891235,0.005140423774719238,-1.433850646018982,0.41949665546417236
42,PatientID_0053,2,0.2851365804672241,0.3294368386268616,0.04430025815963745,0.8524726629257202,0.8300561904907227,-0.02241647243499756,-1.7887829542160034,0.44390104711055756
42,PatientID_0053,3,0.2871357798576355,0.5188954472541809,0.2317596673965454,0.8515253067016602,0.737392783164978,-0.11413252353668213,-1.567476511001587,0.5249477624893188
42,PatientID_0065,1,0.10753953829407692,0.0735178031027317,-0.034021735191345215,0.9442573189735413,0.9621990323066711,0.017941713333129883,-0.8561901748180389,0.04658842831850052
42,PatientID_0065,2,0.11405327171087265,0.07498601078987122,-0.039067260921001434,0.9407168626785278,0.9614327549934387,0.02071589231491089,0.33411967754364014,-0.0059756264090538025
42,PatientID_0065,3,0.1183900460600853,0.07806481793522835,-0.04032522812485695,0.9383603930473328,0.9598084688186646,0.021448075771331787,-0.8715108633041382,0.012599177658557892
42,PatientID_0074,1,0.14001372456550598,0.11617506047089894,-0.02383866409460704,0.9265055656433105,0.9394789139429728,0.012973348299662235,-0.8806908130645752,0.2370719611644745
42,PatientID_0074,2,0.1457951565583547,0.13894070436557135,-0.006854452192783356,0.9234142502148946,0.9274941285451254,0.004079878330230713,-1.5416502952575684,0.4575514793395996
42,PatientID_0074,3,0.14239762226740518,0.18528021375338236,0.04288259148597717,0.9252716302871704,0.9036957025527954,-0.021575927734375,-3.3041820973157883,0.7203465327620506
42,PatientID_0083,1,0.3423757453759511,0.3519027630488078,0.009527017672856686,0.8177770773569742,0.8149966796239217,-0.0027803977330524976,0.7030637860298157,-0.0202990360558033
42,PatientID_0083,2,0.2651100158691406,0.3727074960867564,0.10759748021761578,0.8594849705696106,0.8092525204022726,-0.050232450167338016,0.08189520239830017,-0.015580594539642334
42,PatientID_0083,3,0.27542384962240857,0.4251469721396764,0.14972312251726783,0.8586015899976095,0.78604123989741,-0.07256035010019946,-2.886857509613037,0.300207294523716
42,PatientID_0095,1,0.11175934597849846,0.09955518692731857,-0.012204159051179886,0.9419589042663574,0.9483445584774017,0.0063856542110443115,-2.7557189986109734,0.47159574925899506
42,PatientID_0095,2,0.11422877758741379,0.10098987445235252,-0.013238903135061264,0.940631091594696,0.9476305246353149,0.0069994330406188965,-2.088838703930378,0.2365536019206047
42,PatientID_0095,3,0.13396784663200378,0.1838369220495224,0.049869075417518616,0.9299321472644806,0.9047774374485016,-0.025154709815979004,-2.770815849304199,0.20247852057218552
42,PatientID_0254,1,0.1445195972919464,0.08381094038486481,-0.060708656907081604,0.9242163896560669,0.9567772150039673,0.03256082534790039,-1.0681346021592617,0.020462509244680405
42,PatientID_0254,2,0.1425337791442871,0.09025661647319794,-0.05227716267108917,0.9252699017524719,0.9533443450927734,0.028074443340301514,-1.42078298330307,0.03940669819712639
42,PatientID_0254,3,0.12319185584783554,0.09168292582035065,-0.031508930027484894,0.9357956051826477,0.9525904655456543,0.016794860363006592,-0.5403338819742203,0.004697784781455994
43,PatientID_0014,1,0.11680673062801361,0.09594536075989406,-0.020861369868119553,0.9392176866531372,0.9503588279088339,0.011141141255696652,1.167304277420044,-0.24624717235565186
43,PatientID_0014,2,0.11554307242234547,0.10188095768292744,-0.01366211473941803,0.9398994644482931,0.9472144643465678,0.007314999898274666,1.3217036500573158,-0.15140767395496368
43,PatientID_0014,3,0.13014699518680573,0.13497081647316614,0.0048238212863604135,0.9319804906845093,0.9296919902165731,-0.002288500467936161,1.7255683541297913,-0.18621447682380676
43,PatientID_0021,1,0.12333457916975021,0.09259491413831711,-0.030739665031433105,0.9356218576431274,0.9521113038063049,0.01648944616317749,0.13317424058914185,0.05745619535446167
43,PatientID_0021,2,0.12688028812408447,0.1041889488697052,-0.022691339254379272,0.9336942434310913,0.9459229707717896,0.012228727340698242,0.5553954243659973,0.0285932719707489
43,PatientID_0021,3,0.13712114095687866,0.1178467720746994,-0.01927436888217926,0.9281696677207947,0.9386695623397827,0.010499894618988037,-0.07693302631378174,0.08379362523555756
43,PatientID_0053,1,0.30546948313713074,0.3042556941509247,-0.0012137889862060547,0.8425400257110596,0.842886209487915,0.00034618377685546875,0.8485586643218994,-0.14381176233291626
43,PatientID_0053,2,0.2721003293991089,0.29029470682144165,0.018194377422332764,0.8597760796546936,0.8503633737564087,-0.009412705898284912,0.8269649744033813,-0.1338348388671875
43,PatientID_0053,3,0.26942190527915955,0.3055770993232727,0.03615519404411316,0.8610804080963135,0.8426802158355713,-0.018400192260742188,0.8327738046646118,-0.1553858518600464
43,PatientID_0065,1,0.10250074043869972,0.08168870210647583,-0.020812038332223892,0.9469919502735138,0.9579518735408783,0.010959923267364502,1.0663906335830688,-0.00858241319656372
43,PatientID_0065,2,0.11488430947065353,0.09243013709783554,-0.022454172372817993,0.940282940864563,0.9522638320922852,0.011980891227722168,0.7031687200069427,0.06029389798641205
43,PatientID_0065,3,0.12515423446893692,0.11078225821256638,-0.014371976256370544,0.9347294867038727,0.9425577521324158,0.00782826542854309,0.6475459337234497,0.07264894247055054
43,PatientID_0074,1,0.13189388811588287,0.10852642357349396,-0.023367464542388916,0.9309765299161276,0.9436014095942179,0.01262487967809034,1.1623978018760681,-0.13100361824035645
43,PatientID_0074,2,0.14381733040014902,0.11892859637737274,-0.024888734022776277,0.9245596726735433,0.9380824168523153,0.013522744178771973,-0.3986566662788391,0.14575643837451935
43,PatientID_0074,3,0.1466602236032486,0.12309265633424123,-0.02356756726900737,0.9230577945709229,0.9358999530474345,0.0128421584765116,-0.8005037307739258,0.13177338242530823
43,PatientID_0083,1,0.34579746921857196,0.3539377550284068,0.008140285809834835,0.8165728449821472,0.8135369618733724,-0.003035883108774784,0.79032102227211,0.026171498000621796
43,PatientID_0083,2,0.26275046169757843,0.25416352103153866,-0.008586940666039766,0.8608597715695699,0.8668240308761597,0.005964259306589725,1.5852091908454895,-0.04375351965427399
43,PatientID_0083,3,0.20713843405246735,0.2447720170021057,0.03763358294963837,0.8911704222361246,0.8723342418670654,-0.018836180369059208,1.6282534003257751,-0.05064442753791809
43,PatientID_0095,1,0.11171619594097137,0.09607259556651115,-0.01564360037446022,0.9419793784618378,0.950292319059372,0.00831294059753418,0.2964400351047516,0.07310038059949875
43,PatientID_0095,2,0.12048111110925674,0.09597770497202873,-0.024503406137228012,0.9372498393058777,0.9503704905509949,0.013120651245117188,0.41597723960876465,0.0661727637052536
43,PatientID_0095,3,0.13914251327514648,0.11434388160705566,-0.02479863166809082,0.9271941483020782,0.9406743049621582,0.013480156660079956,0.0017886161804199219,0.08561407029628754
43,PatientID_0254,1,0.13353875279426575,0.09757165610790253,-0.03596709668636322,0.9302244186401367,0.9495452642440796,0.01932084560394287,0.5117755830287933,0.05152092128992081
43,PatientID_0254,2,0.14725886285305023,0.1122983917593956,-0.03496047109365463,0.9228090047836304,0.9417256116867065,0.018916606903076172,1.1140819638967514,0.013513222336769104
43,PatientID_0254,3,0.1257239431142807,0.1372455209493637,0.011521577835083008,0.9344390630722046,0.9285630583763123,-0.005876004695892334,1.2278212755918503,0.013114497065544128
44,PatientID_0014,1,0.1400198539098104,0.0805491531888644,-0.059470700720946,0.9266969362894694,0.9584448337554932,0.0317478974660238,-0.06384041905403137,-0.06095557659864426
44,PatientID_0014,2,0.15361321965853372,0.075700377424558,-0.07791284223397572,0.9195888439814249,0.9610041975975037,0.04141535361607873,0.6542605608701706,-0.04897668585181236
44,PatientID_0014,3,0.180122472345829,0.08583719531695048,-0.09428527702887853,0.9054766098658243,0.9556750257809957,0.05019841591517138,0.8082304000854492,-0.0661901906132698
44,PatientID_0021,1,0.13393598794937134,0.08715330064296722,-0.046782687306404114,0.9298260807991028,0.95493483543396,0.025108754634857178,-0.003692626953125,-0.019174261018633842
44,PatientID_0021,2,0.15274327993392944,0.0997864231467247,-0.05295685678720474,0.9196155667304993,0.9482877254486084,0.02867215871810913,0.1853466033935547,-0.02246999554336071
44,PatientID_0021,3,0.1755148470401764,0.10110511630773544,-0.07440973073244095,0.9073910713195801,0.947594165802002,0.040203094482421875,0.13224351406097412,-0.019349630922079086
44,PatientID_0053,1,0.30368220806121826,0.2910836637020111,-0.012598544359207153,0.8422560691833496,0.8505665063858032,0.008310437202453613,-4.37639844417572,0.5265304185450077
44,PatientID_0053,2,0.26814407110214233,0.2694423198699951,0.0012982487678527832,0.8607093095779419,0.8614327311515808,0.000723421573638916,-3.83304226398468,0.3993094004690647
44,PatientID_0053,3,0.26832446455955505,0.2921377718448639,0.023813307285308838,0.8605043888092041,0.8499466180801392,-0.010557770729064941,-3.805182132869959,0.6763617172837257
44,PatientID_0065,1,0.10713876038789749,0.06672388687729836,-0.040414873510599136,0.9445133805274963,0.9657348096370697,0.021221429109573364,0.8228055238723755,-0.04672406241297722
44,PatientID_0065,2,0.10577539727091789,0.06978810578584671,-0.03598729148507118,0.9452280700206757,0.9641156792640686,0.018887609243392944,0.06923449039459229,-0.019397031515836716
44,PatientID_0065,3,0.10737325996160507,0.0722576230764389,-0.03511563688516617,0.9443520903587341,0.9628178477287292,0.018465757369995117,0.02547454833984375,-0.021086813881993294
44,PatientID_0074,1,0.13293140629927316,0.1004516805211703,-0.03247972577810286,0.9303905367851257,0.94793172677358,0.01754118998845422,-0.7367381900548935,-0.022860683500766754
44,PatientID_0074,2,0.1367779771486918,0.11006052792072296,-0.026717449227968842,0.9283114274342855,0.9428627292315165,0.014551301797230964,0.2708885185420513,-0.05748921260237694
44,PatientID_0074,3,0.1353786140680313,0.11003305266300838,-0.025345561405022934,0.9290847182273865,0.9429051677385966,0.013820449511210087,-0.009805798530578613,-0.021680381149053574
44,PatientID_0083,1,0.32532939314842224,0.34829482436180115,0.022965431213378906,0.8273979028066,0.8183581034342448,-0.009039799372355217,-0.2656952142715454,-0.01825277879834175
44,PatientID_0083,2,0.27522170543670654,0.2600508431593577,-0.015170862277348818,0.8541692892710367,0.8646470109621683,0.010477721691131592,0.10250496864318848,-0.02082899957895279
44,PatientID_0083,3,0.169735386967659,0.21615387002627054,0.04641848305861154,0.9111148516337076,0.8881123264630636,-0.02300252517064405,0.050664424896240234,-0.023718994110822678
44,PatientID_0095,1,0.12087807059288025,0.08420121297240257,-0.036676857620477676,0.9370043873786926,0.9565277099609375,0.019523322582244873,-0.8720105886459351,-0.017683152109384537
44,PatientID_0095,2,0.12398136779665947,0.0799860805273056,-0.04399528726935387,0.9353334903717041,0.9587673544883728,0.0234338641166687,0.6680704057216644,-0.047017958015203476
44,PatientID_0095,3,0.14280447363853455,0.08736743405461311,-0.05543703958392143,0.9251967072486877,0.9548855721950531,0.029688864946365356,0.9268859028816223,-0.04465758614242077
44,PatientID_0254,1,0.12148842215538025,0.08032089471817017,-0.04116752743721008,0.9367440938949585,0.9586127400398254,0.021868646144866943,-0.8988256454467773,-0.012147869914770126
44,PatientID_0254,2,0.12444154918193817,0.08462215960025787,-0.0398193895816803,0.9351406693458557,0.9563509225845337,0.02121025323867798,-0.24430060386657715,-0.0208655446767807
44,PatientID_0254,3,0.11593542993068695,0.08049069344997406,-0.03544473648071289,0.9397780895233154,0.9585198163986206,0.018741726875305176,0.3929765820503235,-0.031029773876070976
